Component_ID,Lot_ID,Component_Type,Temperature_C,Iddq_0h_uA,Iddq_24h_uA,Iddq_96h_uA,Iddq_168h_uA,Leakage_0h_uA,Leakage_24h_uA,Leakage_96h_uA,Leakage_168h_uA,Delay_0h_ns,Delay_24h_ns,Delay_96h_ns,Delay_168h_ns,Iddq_Max_Limit_uA,Leakage_Max_Limit_uA,Delay_Max_Limit_ns
IC00514,LOT14,MICROCONTROLLER,128.11,9.354,9.601,9.783,10.159,4.929,5.091,5.298,5.749,9.402,9.521,9.522,9.6,50.0,50.0,30.0
IC01334,LOT14,CMOS_LOGIC,124.99,9.636,9.864,10.079,10.249,4.609,4.788,5.023,5.248,9.771,9.85,9.855,9.92,50.0,50.0,30.0
IC00919,LOT19,SRAM,126.64,9.359,9.632,10.096,10.29,5.406,5.615,5.817,5.922,10.527,10.552,10.625,10.764,50.0,50.0,30.0
IC01881,LOT01,CMOS_LOGIC,125.56,9.416,9.631,9.909,10.214,4.767,4.848,5.016,5.1,9.794,9.802,9.899,10.006,50.0,50.0,30.0
IC01240,LOT20,MICROCONTROLLER,126.7,9.703,9.987,10.331,10.502,4.7,4.99,5.099,5.304,9.42,9.516,9.634,9.778,50.0,50.0,30.0
IC01811,LOT11,SRAM,121.76,10.026,10.253,10.342,10.769,4.801,4.929,5.15,5.343,9.046,9.095,9.183,9.195,50.0,50.0,30.0
IC01011,LOT11,MICROCONTROLLER,126.75,9.558,10.091,10.972,64.072,4.935,5.177,5.455,52.882,9.427,9.483,9.626,35.744,50.0,50.0,30.0
IC00402,LOT02,SRAM,123.13,10.074,13.417,19.065,29.498,5.235,7.343,13.377,21.508,9.978,10.946,12.374,16.738,50.0,50.0,30.0
IC01138,LOT18,SRAM,125.34,9.58,10.042,10.311,10.417,4.776,4.967,5.126,5.465,10.232,10.267,10.393,10.472,50.0,50.0,30.0
IC01339,LOT19,MIXED_SIGNAL_IC,121.91,9.305,9.646,9.818,10.097,4.908,5.205,5.449,5.631,9.636,9.736,9.877,10.007,50.0,50.0,30.0
IC01796,LOT16,SRAM,125.99,9.57,9.905,10.183,10.433,4.573,4.707,4.805,5.167,9.331,9.408,9.515,9.535,50.0,50.0,30.0
IC01379,LOT19,MIXED_SIGNAL_IC,125.84,9.966,10.544,10.888,55.425,4.993,5.175,5.481,65.715,10.066,10.13,10.408,45.618,50.0,50.0,30.0
IC01593,LOT13,MICROCONTROLLER,123.32,11.119,11.492,11.92,12.15,5.531,5.637,5.725,6.017,10.767,10.863,10.902,10.965,50.0,50.0,30.0
IC00348,LOT08,MIXED_SIGNAL_IC,125.65,10.705,10.942,11.561,12.024,5.297,5.372,5.589,5.79,10.668,10.677,10.704,10.825,50.0,50.0,30.0
IC01530,LOT10,SRAM,123.64,10.194,10.692,10.958,11.222,4.868,5.0,5.2,5.508,10.0,10.058,10.147,10.201,50.0,50.0,30.0
IC01017,LOT17,CMOS_LOGIC,125.64,9.357,9.585,9.953,10.361,4.956,5.072,5.354,5.547,9.464,9.581,9.683,9.797,50.0,50.0,30.0
IC00399,LOT19,MICROCONTROLLER,123.0,9.875,10.176,10.504,10.733,4.885,5.047,5.318,5.489,9.701,9.658,9.765,9.99,50.0,50.0,30.0
IC01928,LOT08,CMOS_LOGIC,119.12,10.064,10.419,10.63,10.966,5.176,5.324,5.425,5.779,9.933,9.983,10.048,10.177,50.0,50.0,30.0
IC00164,LOT04,MIXED_SIGNAL_IC,127.1,9.783,9.806,10.075,10.505,5.13,5.34,5.597,5.841,9.901,9.994,10.111,10.19,50.0,50.0,30.0
IC01308,LOT08,SRAM,124.36,10.741,14.231,19.703,28.902,5.048,6.342,11.276,20.642,10.071,10.929,12.234,15.642,50.0,50.0,30.0
IC01539,LOT19,MIXED_SIGNAL_IC,121.78,9.924,10.373,10.598,10.779,4.941,5.099,5.323,5.604,9.477,9.565,9.63,9.727,50.0,50.0,30.0
IC00939,LOT19,MIXED_SIGNAL_IC,122.15,10.483,10.961,11.318,11.626,5.372,5.612,5.811,6.17,9.659,9.724,9.789,9.905,50.0,50.0,30.0
IC00883,LOT03,MICROCONTROLLER,125.12,9.934,10.237,10.718,11.02,5.256,5.449,5.644,5.887,10.276,10.287,10.382,10.608,50.0,50.0,30.0
IC01669,LOT09,MIXED_SIGNAL_IC,128.28,9.85,10.174,10.506,10.899,5.233,5.396,5.693,5.865,10.199,10.235,10.362,10.509,50.0,50.0,30.0
IC01536,LOT16,MIXED_SIGNAL_IC,123.95,9.553,9.775,9.887,10.182,4.869,4.999,5.254,5.418,9.788,9.879,10.013,10.113,50.0,50.0,30.0
IC00510,LOT10,MICROCONTROLLER,124.36,9.887,10.337,10.519,10.857,5.513,5.691,5.94,6.153,10.245,10.28,10.348,10.365,50.0,50.0,30.0
IC01908,LOT08,MICROCONTROLLER,125.99,10.221,12.885,21.062,29.412,5.554,7.537,12.907,20.364,10.435,11.416,14.277,18.112,50.0,50.0,30.0
IC00993,LOT13,MIXED_SIGNAL_IC,125.57,10.581,10.856,11.38,11.58,5.307,5.465,5.52,5.758,10.096,10.103,10.169,10.29,50.0,50.0,30.0
IC00006,LOT06,MICROCONTROLLER,123.42,9.704,10.114,10.403,10.64,4.505,4.686,4.893,5.22,9.225,9.247,9.314,9.394,50.0,50.0,30.0
IC00778,LOT18,MIXED_SIGNAL_IC,125.66,9.518,9.718,10.009,10.243,5.012,5.121,5.315,5.593,9.465,9.458,9.56,9.62,50.0,50.0,30.0
IC00165,LOT05,MICROCONTROLLER,126.35,9.343,9.698,9.985,10.231,4.641,4.749,5.08,5.18,9.188,9.257,9.389,9.32,50.0,50.0,30.0
IC01382,LOT02,SRAM,123.65,9.935,10.344,10.541,10.756,5.55,5.7,5.96,6.191,10.754,10.836,10.876,10.968,50.0,50.0,30.0
IC00171,LOT11,CMOS_LOGIC,125.35,9.197,11.382,18.595,29.803,4.456,6.512,10.818,18.636,9.116,9.932,12.341,15.8,50.0,50.0,30.0
IC01897,LOT17,CMOS_LOGIC,125.1,9.736,10.175,10.218,10.46,4.595,4.675,4.822,5.102,9.798,9.796,9.945,10.049,50.0,50.0,30.0
IC01119,LOT19,CMOS_LOGIC,125.49,9.81,10.114,10.402,10.997,4.909,5.085,5.239,5.358,9.296,9.304,9.364,9.44,50.0,50.0,30.0
IC00269,LOT09,MICROCONTROLLER,125.06,10.181,10.258,10.617,10.832,4.955,5.091,5.355,5.572,10.394,10.47,10.596,10.701,50.0,50.0,30.0
IC01383,LOT03,MIXED_SIGNAL_IC,124.86,10.759,11.168,11.525,11.766,5.326,5.488,5.794,6.07,10.302,10.319,10.354,10.38,50.0,50.0,30.0
IC00031,LOT11,MIXED_SIGNAL_IC,127.56,7.867,8.275,8.457,9.062,4.601,4.835,5.008,5.35,9.158,9.229,9.319,9.459,50.0,50.0,30.0
IC00159,LOT19,CMOS_LOGIC,121.59,9.571,9.774,10.114,10.284,4.429,4.622,4.94,5.147,10.306,10.279,10.426,10.573,50.0,50.0,30.0
IC01508,LOT08,MIXED_SIGNAL_IC,125.32,10.198,10.554,10.737,11.16,5.228,5.366,5.517,5.764,9.992,10.091,10.245,10.375,50.0,50.0,30.0
IC00053,LOT13,CMOS_LOGIC,126.1,11.44,11.631,11.773,12.174,5.284,5.428,5.789,6.134,10.246,10.306,10.442,10.517,50.0,50.0,30.0
IC00493,LOT13,CMOS_LOGIC,122.77,10.741,11.046,11.464,11.431,4.921,5.009,5.195,5.365,10.348,10.366,10.426,10.478,50.0,50.0,30.0
IC00455,LOT15,CMOS_LOGIC,122.79,9.198,9.477,9.605,9.981,4.905,5.046,5.293,5.499,9.272,9.296,9.346,9.466,50.0,50.0,30.0
IC01832,LOT12,MICROCONTROLLER,123.71,10.682,10.845,11.024,11.481,4.961,5.136,5.303,5.455,11.561,11.573,11.616,11.717,50.0,50.0,30.0
IC00382,LOT02,SRAM,124.15,10.201,10.556,11.239,68.115,5.082,5.228,5.493,52.821,10.574,10.712,10.939,37.471,50.0,50.0,30.0
IC01625,LOT05,MIXED_SIGNAL_IC,124.44,9.912,10.093,10.452,10.866,4.227,4.37,4.524,4.815,9.989,10.047,10.165,10.206,50.0,50.0,30.0
IC01368,LOT08,CMOS_LOGIC,123.23,9.81,10.001,10.187,10.669,5.297,5.439,5.784,5.895,10.537,10.566,10.584,10.624,50.0,50.0,30.0
IC01316,LOT16,MIXED_SIGNAL_IC,125.55,10.081,10.393,10.774,11.146,4.788,5.004,5.109,5.326,8.992,9.005,9.154,9.286,50.0,50.0,30.0
IC01515,LOT15,CMOS_LOGIC,125.98,9.377,9.614,10.034,10.343,4.867,4.926,5.079,5.445,9.462,9.476,9.577,9.642,50.0,50.0,30.0
IC01604,LOT04,SRAM,126.76,10.04,12.221,20.412,30.89,5.039,6.621,12.949,19.804,10.047,10.664,12.357,14.955,50.0,50.0,30.0
IC01325,LOT05,MICROCONTROLLER,122.19,8.746,9.113,9.4,9.865,4.343,4.441,4.52,4.833,9.521,9.501,9.576,9.689,50.0,50.0,30.0
IC01710,LOT10,MICROCONTROLLER,125.86,10.689,10.861,11.098,11.381,4.944,5.139,5.391,5.672,10.228,10.293,10.414,10.503,50.0,50.0,30.0
IC00222,LOT02,SRAM,124.65,10.742,11.172,11.475,11.637,5.263,5.37,5.498,5.568,11.187,11.287,11.354,11.437,50.0,50.0,30.0
IC01064,LOT04,CMOS_LOGIC,124.93,10.025,10.298,10.351,10.816,5.096,5.307,5.352,5.591,10.695,10.744,10.879,10.978,50.0,50.0,30.0
IC00962,LOT02,CMOS_LOGIC,124.83,11.119,11.34,11.686,12.053,5.743,5.895,6.113,6.316,10.846,10.863,10.973,11.062,50.0,50.0,30.0
IC00889,LOT09,SRAM,121.78,10.373,10.825,11.16,11.495,4.583,4.79,5.061,5.371,9.733,9.774,9.819,9.886,50.0,50.0,30.0
IC01849,LOT09,MIXED_SIGNAL_IC,126.46,9.33,9.605,9.987,10.513,5.099,5.205,5.391,5.544,10.132,10.182,10.249,10.36,50.0,50.0,30.0
IC00273,LOT13,SRAM,127.6,11.271,11.504,11.863,12.29,5.203,5.355,5.687,5.94,10.41,10.511,10.574,10.791,50.0,50.0,30.0
IC00672,LOT12,SRAM,127.05,11.235,11.38,11.684,12.024,4.704,4.876,5.055,5.288,10.524,10.573,10.637,10.776,50.0,50.0,30.0
IC01750,LOT10,MIXED_SIGNAL_IC,122.88,10.346,10.635,10.922,10.989,5.263,5.317,5.58,5.777,10.01,10.035,10.122,10.203,50.0,50.0,30.0
IC01803,LOT03,MICROCONTROLLER,125.55,10.216,10.561,10.838,11.023,5.604,5.742,5.91,6.238,11.039,11.101,11.142,11.2,50.0,50.0,30.0
IC01271,LOT11,SRAM,127.12,9.603,9.997,10.378,10.595,4.591,4.699,4.761,4.974,8.894,8.907,8.927,9.008,50.0,50.0,30.0
IC01390,LOT10,MICROCONTROLLER,126.55,10.96,11.405,11.719,11.895,5.439,5.581,5.665,5.949,10.744,10.787,10.865,11.025,50.0,50.0,30.0
IC01414,LOT14,MICROCONTROLLER,125.17,9.821,10.226,10.438,10.772,4.923,5.018,5.291,5.564,9.53,9.659,9.835,9.973,50.0,50.0,30.0
IC01552,LOT12,SRAM,128.82,11.4,13.548,21.914,34.719,5.072,6.681,10.468,15.564,11.013,11.679,14.139,18.418,50.0,50.0,30.0
IC00832,LOT12,MIXED_SIGNAL_IC,124.25,10.971,11.201,11.636,11.861,5.24,5.396,5.543,5.86,10.389,10.417,10.493,10.509,50.0,50.0,30.0
IC00755,LOT15,CMOS_LOGIC,122.12,9.54,9.867,9.846,10.135,4.207,4.418,4.709,4.896,9.181,9.285,9.414,9.406,50.0,50.0,30.0
IC01993,LOT13,CMOS_LOGIC,129.04,11.598,11.931,12.229,12.718,5.133,5.398,5.488,5.725,9.928,9.984,10.018,10.111,50.0,50.0,30.0
IC00201,LOT01,MICROCONTROLLER,119.91,10.458,10.662,10.952,11.215,5.242,5.407,5.557,5.942,9.797,9.884,9.965,10.152,50.0,50.0,30.0
IC00606,LOT06,MICROCONTROLLER,126.9,9.583,9.867,10.21,10.376,4.523,4.676,4.766,5.043,9.611,9.688,9.703,9.736,50.0,50.0,30.0
IC01763,LOT03,MIXED_SIGNAL_IC,121.47,9.949,10.236,10.519,10.742,5.447,5.549,5.773,5.961,10.694,10.77,10.834,10.986,50.0,50.0,30.0
IC00313,LOT13,SRAM,121.21,10.369,10.626,11.192,11.739,5.113,5.281,5.51,5.741,10.3,10.308,10.381,10.52,50.0,50.0,30.0
IC01175,LOT15,SRAM,121.94,9.775,12.542,20.205,29.11,4.528,6.215,10.991,16.515,9.464,9.988,12.538,15.875,50.0,50.0,30.0
IC01165,LOT05,CMOS_LOGIC,126.83,9.78,9.947,10.476,10.462,4.773,4.857,5.208,5.655,9.144,9.262,9.364,9.432,50.0,50.0,30.0
IC00822,LOT02,CMOS_LOGIC,124.15,10.879,11.454,11.608,12.092,5.479,5.657,5.921,6.198,10.776,10.901,10.968,11.093,50.0,50.0,30.0
IC00277,LOT17,CMOS_LOGIC,125.35,9.283,9.375,9.571,9.76,4.615,4.829,4.939,5.223,9.972,10.022,10.095,10.278,50.0,50.0,30.0
IC00344,LOT04,MIXED_SIGNAL_IC,126.47,10.565,10.769,11.056,11.326,4.62,4.849,4.988,5.288,10.453,10.492,10.566,10.657,50.0,50.0,30.0
IC00969,LOT09,SRAM,124.55,9.698,10.124,10.279,10.474,4.988,5.095,5.253,5.477,10.087,10.15,10.199,10.305,50.0,50.0,30.0
IC01337,LOT17,SRAM,124.43,9.716,10.189,10.631,10.992,4.766,4.924,5.058,5.271,8.958,9.052,9.156,9.278,50.0,50.0,30.0
IC00631,LOT11,CMOS_LOGIC,125.27,8.939,11.639,18.96,28.087,4.621,5.719,10.909,17.994,9.143,10.078,11.657,14.504,50.0,50.0,30.0
IC00416,LOT16,CMOS_LOGIC,130.41,9.598,9.804,10.086,10.272,4.92,5.086,5.29,5.474,9.927,10.039,10.051,10.144,50.0,50.0,30.0
IC00723,LOT03,MICROCONTROLLER,121.78,10.321,10.561,11.026,11.164,5.12,5.228,5.362,5.543,9.802,9.834,9.932,10.098,50.0,50.0,30.0
IC01904,LOT04,SRAM,123.82,10.526,10.892,11.208,56.354,5.017,5.333,5.513,64.314,10.005,10.166,10.445,39.686,50.0,50.0,30.0
IC00476,LOT16,CMOS_LOGIC,123.48,9.269,9.531,9.589,9.893,4.559,4.702,4.792,4.995,9.48,9.554,9.589,9.627,50.0,50.0,30.0
IC01209,LOT09,MIXED_SIGNAL_IC,125.75,9.845,10.403,10.723,10.881,5.167,5.391,5.625,5.878,10.481,10.573,10.748,10.839,50.0,50.0,30.0
IC01682,LOT02,CMOS_LOGIC,123.55,10.303,10.544,10.818,11.068,5.102,5.158,5.286,5.51,10.585,10.617,10.641,10.775,50.0,50.0,30.0
IC00438,LOT18,MIXED_SIGNAL_IC,123.26,10.447,10.722,10.849,11.247,5.105,5.204,5.443,5.666,9.665,9.711,9.797,9.858,50.0,50.0,30.0
IC00729,LOT09,MIXED_SIGNAL_IC,125.43,10.829,11.071,11.391,11.42,4.956,5.116,5.344,5.701,10.409,10.496,10.569,10.683,50.0,50.0,30.0
IC01197,LOT17,MIXED_SIGNAL_IC,125.93,9.576,9.869,10.231,10.61,4.891,4.998,5.243,5.539,10.201,10.251,10.338,10.435,50.0,50.0,30.0
IC00533,LOT13,SRAM,126.56,10.731,11.078,11.39,11.536,5.506,5.714,6.058,6.301,10.403,10.446,10.518,10.649,50.0,50.0,30.0
IC00060,LOT20,MIXED_SIGNAL_IC,124.11,10.261,10.525,10.679,10.858,4.606,4.693,4.757,4.911,9.899,9.906,10.014,10.105,50.0,50.0,30.0
IC01784,LOT04,SRAM,122.77,10.393,10.524,10.568,10.783,4.957,5.16,5.321,5.603,9.833,9.859,9.965,10.047,50.0,50.0,30.0
IC00504,LOT04,MICROCONTROLLER,126.0,9.748,10.019,10.372,10.626,4.921,4.956,5.226,5.452,10.285,10.327,10.425,10.542,50.0,50.0,30.0
IC00528,LOT08,MICROCONTROLLER,124.53,9.955,10.262,10.464,10.535,5.15,5.328,5.666,5.953,10.643,10.718,10.821,10.94,50.0,50.0,30.0
IC00198,LOT18,CMOS_LOGIC,121.6,9.697,9.938,10.146,10.354,4.654,4.726,4.894,5.158,9.542,9.616,9.673,9.753,50.0,50.0,30.0
IC00584,LOT04,CMOS_LOGIC,123.18,10.358,10.652,10.712,11.059,4.917,5.108,5.25,5.513,9.561,9.576,9.676,9.742,50.0,50.0,30.0
IC00400,LOT20,SRAM,123.89,9.513,9.772,9.916,10.356,4.866,5.035,5.134,5.439,9.792,9.862,9.929,10.11,50.0,50.0,30.0
IC01200,LOT20,CMOS_LOGIC,125.42,8.845,9.03,9.039,9.273,5.0,5.241,5.459,5.613,9.244,9.335,9.464,9.57,50.0,50.0,30.0
IC01453,LOT13,MIXED_SIGNAL_IC,124.71,10.611,10.851,10.952,11.388,5.46,5.621,5.857,6.109,11.319,11.393,11.487,11.561,50.0,50.0,30.0
IC00552,LOT12,MICROCONTROLLER,124.02,11.207,11.609,11.966,12.133,4.978,5.088,5.358,5.547,10.877,10.915,11.058,11.155,50.0,50.0,30.0
IC00153,LOT13,MICROCONTROLLER,125.62,10.629,11.031,11.494,12.049,5.093,5.269,5.527,5.936,10.542,10.566,10.671,10.809,50.0,50.0,30.0
IC01073,LOT13,MICROCONTROLLER,124.11,10.531,10.933,11.215,11.432,5.108,5.228,5.429,5.684,10.165,10.223,10.232,10.338,50.0,50.0,30.0
IC00649,LOT09,CMOS_LOGIC,122.62,10.426,10.858,11.071,11.406,4.704,4.864,5.155,5.367,9.956,9.951,9.992,10.102,50.0,50.0,30.0
IC00747,LOT07,SRAM,127.37,9.228,9.538,9.785,10.107,4.549,4.694,4.862,5.071,8.726,8.756,8.797,8.855,50.0,50.0,30.0
IC01056,LOT16,SRAM,126.03,9.249,9.592,9.784,10.002,4.339,4.447,4.69,4.813,9.688,9.722,9.741,9.879,50.0,50.0,30.0
IC01173,LOT13,CMOS_LOGIC,121.85,10.37,10.723,11.052,11.48,4.952,5.058,5.193,5.361,10.291,10.333,10.422,10.54,50.0,50.0,30.0
IC01555,LOT15,MIXED_SIGNAL_IC,122.11,9.908,10.214,10.463,10.559,4.11,4.23,4.497,4.654,8.978,9.071,9.123,9.129,50.0,50.0,30.0
IC01077,LOT17,SRAM,125.31,8.888,9.217,9.543,9.828,4.77,5.083,5.425,5.553,9.847,9.923,10.042,10.036,50.0,50.0,30.0
IC00439,LOT19,MICROCONTROLLER,125.42,10.564,13.242,20.122,32.411,4.989,6.437,12.67,18.819,10.059,11.083,13.418,17.292,50.0,50.0,30.0
IC00088,LOT08,CMOS_LOGIC,128.79,11.022,11.297,11.477,11.656,5.811,5.922,6.036,6.289,10.604,10.623,10.712,10.735,50.0,50.0,30.0
IC01714,LOT14,MIXED_SIGNAL_IC,129.36,9.233,9.513,9.966,10.408,4.693,4.808,5.069,5.316,9.458,9.522,9.563,9.596,50.0,50.0,30.0
IC01188,LOT08,MICROCONTROLLER,125.1,10.789,11.228,11.501,11.619,5.347,5.604,5.843,6.044,11.008,11.075,11.094,11.247,50.0,50.0,30.0
IC00814,LOT14,SRAM,124.65,8.977,9.504,10.065,69.867,4.504,4.686,5.039,72.87,9.586,9.566,9.744,41.178,50.0,50.0,30.0
IC01582,LOT02,SRAM,127.4,10.264,12.801,21.537,32.947,4.868,6.866,11.358,20.583,11.305,12.305,14.014,17.513,50.0,50.0,30.0
IC00849,LOT09,MIXED_SIGNAL_IC,125.06,10.647,13.07,20.289,28.918,5.135,6.806,11.8,19.829,10.443,11.199,12.537,16.175,50.0,50.0,30.0
IC00869,LOT09,MIXED_SIGNAL_IC,126.79,10.477,11.108,11.325,11.545,5.181,5.296,5.496,5.746,10.201,10.291,10.401,10.539,50.0,50.0,30.0
IC01071,LOT11,SRAM,126.02,8.97,12.942,18.002,28.544,4.616,6.39,10.311,18.626,9.235,10.397,12.407,16.281,50.0,50.0,30.0
IC01645,LOT05,MIXED_SIGNAL_IC,124.31,9.369,9.454,9.649,10.129,4.367,4.484,4.604,4.815,9.294,9.407,9.469,9.491,50.0,50.0,30.0
IC00375,LOT15,MICROCONTROLLER,127.51,9.243,9.534,9.693,9.82,4.842,5.031,5.349,5.528,10.027,10.097,10.122,10.194,50.0,50.0,30.0
IC01293,LOT13,CMOS_LOGIC,123.76,10.788,11.004,11.27,11.597,5.366,5.502,5.681,5.833,10.151,10.275,10.381,10.481,50.0,50.0,30.0
IC00144,LOT04,CMOS_LOGIC,125.52,10.802,11.124,11.59,12.039,4.756,4.919,5.085,5.399,9.103,9.114,9.213,9.338,50.0,50.0,30.0
IC00891,LOT11,MICROCONTROLLER,127.71,10.025,10.225,10.323,10.501,4.641,4.806,4.881,5.106,10.088,10.255,10.275,10.348,50.0,50.0,30.0
IC01120,LOT20,SRAM,123.1,9.624,9.87,10.235,10.585,4.628,4.759,4.94,5.246,9.515,9.605,9.612,9.703,50.0,50.0,30.0
IC00546,LOT06,MICROCONTROLLER,122.9,9.833,10.233,10.406,10.597,4.842,4.962,5.116,5.374,10.17,10.159,10.265,10.369,50.0,50.0,30.0
IC00563,LOT03,MICROCONTROLLER,124.74,10.598,10.961,11.327,11.609,4.993,5.092,5.469,5.632,10.436,10.488,10.599,10.757,50.0,50.0,30.0
IC00346,LOT06,MICROCONTROLLER,125.21,9.112,9.239,9.518,10.01,4.619,4.757,4.895,5.16,9.181,9.255,9.328,9.499,50.0,50.0,30.0
IC01739,LOT19,MIXED_SIGNAL_IC,125.62,10.204,10.422,10.55,10.853,4.832,4.949,5.227,5.292,9.597,9.694,9.747,9.927,50.0,50.0,30.0
IC00063,LOT03,CMOS_LOGIC,122.01,9.917,10.232,10.51,10.694,5.106,5.205,5.408,5.607,10.18,10.266,10.348,10.541,50.0,50.0,30.0
IC01226,LOT06,SRAM,125.18,9.292,9.526,9.754,9.931,4.775,4.855,5.201,5.476,9.176,9.193,9.306,9.347,50.0,50.0,30.0
IC01563,LOT03,SRAM,124.26,11.208,11.425,11.668,11.912,5.057,5.205,5.5,5.893,9.91,9.975,10.109,10.189,50.0,50.0,30.0
IC01540,LOT20,MICROCONTROLLER,121.9,9.395,9.67,9.914,10.195,4.736,4.912,5.169,5.404,9.665,9.819,9.941,10.04,50.0,50.0,30.0
IC00030,LOT10,CMOS_LOGIC,120.1,9.719,9.965,10.29,10.462,5.066,5.208,5.416,5.707,10.147,10.225,10.26,10.284,50.0,50.0,30.0
IC00789,LOT09,SRAM,125.24,10.271,10.786,11.244,11.534,4.901,5.087,5.335,5.726,10.065,10.129,10.16,10.236,50.0,50.0,30.0
IC01111,LOT11,MICROCONTROLLER,120.03,8.445,8.609,8.865,9.064,4.652,4.763,4.945,5.329,8.941,9.059,9.06,9.156,50.0,50.0,30.0
IC00660,LOT20,MIXED_SIGNAL_IC,127.43,9.994,10.355,10.713,10.964,5.116,5.233,5.384,5.552,9.116,9.192,9.364,9.436,50.0,50.0,30.0
IC00813,LOT13,CMOS_LOGIC,127.05,10.504,10.912,11.458,60.64,5.25,5.433,5.905,65.874,11.46,11.485,11.64,47.785,50.0,50.0,30.0
IC00823,LOT03,MIXED_SIGNAL_IC,126.59,9.637,9.888,10.119,10.261,5.173,5.388,5.628,5.794,10.03,10.009,10.117,10.135,50.0,50.0,30.0
IC00372,LOT12,MICROCONTROLLER,126.61,10.641,13.583,18.779,27.735,5.468,7.654,12.243,18.751,10.473,11.242,13.98,17.852,50.0,50.0,30.0
IC00532,LOT12,MIXED_SIGNAL_IC,124.14,10.71,10.906,11.094,11.223,5.495,5.615,5.717,5.98,10.052,10.053,10.135,10.293,50.0,50.0,30.0
IC00202,LOT02,MIXED_SIGNAL_IC,125.15,10.132,10.536,10.679,11.027,5.541,5.613,5.834,6.011,9.94,9.962,10.059,10.138,50.0,50.0,30.0
IC00075,LOT15,MICROCONTROLLER,127.76,9.39,9.843,10.121,10.142,5.131,5.239,5.429,5.607,10.153,10.198,10.342,10.36,50.0,50.0,30.0
IC00242,LOT02,CMOS_LOGIC,124.02,9.816,10.072,10.188,10.445,5.737,5.837,6.084,6.341,10.367,10.39,10.51,10.623,50.0,50.0,30.0
IC00985,LOT05,MIXED_SIGNAL_IC,127.38,9.193,9.38,9.401,9.611,4.77,4.908,5.133,5.486,9.9,9.962,10.133,10.239,50.0,50.0,30.0
IC00092,LOT12,MIXED_SIGNAL_IC,127.8,10.912,14.649,22.872,34.822,5.409,6.866,10.15,17.164,11.222,11.844,14.295,17.16,50.0,50.0,30.0
IC01789,LOT09,SRAM,125.45,9.377,9.553,9.63,10.177,5.145,5.29,5.539,5.8,10.428,10.508,10.597,10.657,50.0,50.0,30.0
IC01866,LOT06,MIXED_SIGNAL_IC,129.6,9.311,9.592,9.843,10.148,4.694,4.757,4.981,5.153,9.011,9.051,9.101,9.259,50.0,50.0,30.0
IC01355,LOT15,CMOS_LOGIC,126.01,9.914,10.093,10.12,10.323,4.814,5.003,5.286,5.511,9.489,9.502,9.589,9.724,50.0,50.0,30.0
IC00347,LOT07,MIXED_SIGNAL_IC,125.64,9.116,9.299,9.611,9.916,4.641,4.898,5.026,5.326,9.195,9.242,9.406,9.533,50.0,50.0,30.0
IC01521,LOT01,MICROCONTROLLER,124.78,9.861,9.925,10.112,10.406,5.046,5.195,5.334,5.477,10.152,10.184,10.29,10.418,50.0,50.0,30.0
IC01264,LOT04,MICROCONTROLLER,123.87,10.546,10.914,11.046,11.5,5.518,5.641,5.846,6.078,9.859,9.929,10.016,10.162,50.0,50.0,30.0
IC01469,LOT09,MICROCONTROLLER,124.26,9.884,10.19,10.449,10.712,5.105,5.259,5.428,5.664,10.409,10.441,10.514,10.598,50.0,50.0,30.0
IC01492,LOT12,SRAM,122.04,10.7,10.809,11.142,11.337,5.258,5.433,5.689,6.044,10.648,10.741,10.888,11.029,50.0,50.0,30.0
IC00430,LOT10,MICROCONTROLLER,122.0,10.734,11.009,11.359,11.621,4.864,4.919,5.199,5.382,10.013,10.061,10.159,10.269,50.0,50.0,30.0
IC01057,LOT17,CMOS_LOGIC,124.33,9.409,9.784,10.165,10.447,4.568,4.691,4.824,5.179,9.868,9.909,9.96,10.097,50.0,50.0,30.0
IC00192,LOT12,MICROCONTROLLER,125.01,10.873,11.176,11.384,11.871,5.657,5.758,6.065,6.355,10.807,10.801,10.896,10.891,50.0,50.0,30.0
IC00111,LOT11,SRAM,127.32,9.218,9.534,9.725,9.791,4.7,4.897,5.172,5.364,9.263,9.307,9.378,9.495,50.0,50.0,30.0
IC00203,LOT03,SRAM,127.76,11.37,11.633,11.972,12.334,5.57,5.817,6.191,6.622,10.28,10.389,10.49,10.658,50.0,50.0,30.0
IC01299,LOT19,SRAM,121.44,10.011,10.207,10.466,10.658,5.168,5.188,5.386,5.663,9.499,9.535,9.62,9.772,50.0,50.0,30.0
IC01384,LOT04,CMOS_LOGIC,124.78,10.583,10.9,11.202,11.533,5.769,5.813,6.115,6.472,10.903,10.904,10.997,11.093,50.0,50.0,30.0
IC01446,LOT06,SRAM,125.17,9.344,9.485,9.686,9.858,4.464,4.605,4.82,4.932,9.055,9.074,9.131,9.201,50.0,50.0,30.0
IC00628,LOT08,SRAM,125.09,10.885,11.337,11.527,11.863,5.195,5.355,5.658,5.985,10.347,10.345,10.377,10.506,50.0,50.0,30.0
IC01317,LOT17,MIXED_SIGNAL_IC,127.08,10.237,10.63,11.004,53.734,5.299,5.521,5.849,55.909,9.694,9.852,9.968,46.074,50.0,50.0,30.0
IC00557,LOT17,MIXED_SIGNAL_IC,122.16,8.762,11.969,20.635,28.885,5.12,6.353,12.116,18.908,9.858,10.441,13.434,17.402,50.0,50.0,30.0
IC01635,LOT15,SRAM,124.06,9.949,10.36,10.316,10.865,4.92,5.023,5.299,5.397,9.594,9.613,9.671,9.72,50.0,50.0,30.0
IC01677,LOT17,CMOS_LOGIC,127.47,10.337,10.703,10.963,11.112,5.188,5.322,5.341,5.503,9.931,10.037,10.12,10.166,50.0,50.0,30.0
IC01510,LOT10,MIXED_SIGNAL_IC,127.52,10.715,11.1,11.433,11.657,5.157,5.276,5.445,5.679,10.0,9.974,10.047,10.236,50.0,50.0,30.0
IC01265,LOT05,MICROCONTROLLER,126.31,9.818,13.592,19.515,31.045,5.041,6.631,10.047,18.864,9.782,10.399,12.054,16.012,50.0,50.0,30.0
IC00010,LOT10,MIXED_SIGNAL_IC,125.02,10.164,10.353,10.789,10.995,4.892,5.023,5.28,5.432,10.505,10.564,10.696,10.716,50.0,50.0,30.0
IC01139,LOT19,MIXED_SIGNAL_IC,125.74,10.364,10.834,10.891,11.283,4.968,5.216,5.431,5.736,10.315,10.374,10.494,10.613,50.0,50.0,30.0
IC01296,LOT16,MIXED_SIGNAL_IC,122.4,9.74,10.094,10.55,10.489,4.812,5.004,5.193,5.375,8.748,8.83,8.979,9.118,50.0,50.0,30.0
IC00302,LOT02,CMOS_LOGIC,120.7,9.728,9.997,10.228,10.58,5.288,5.489,5.699,5.923,10.323,10.374,10.44,10.458,50.0,50.0,30.0
IC01177,LOT17,SRAM,125.69,9.867,9.877,10.173,10.525,4.875,5.178,5.378,5.645,9.897,9.963,10.06,10.098,50.0,50.0,30.0
IC01659,LOT19,SRAM,124.1,9.844,10.068,10.424,10.687,4.984,5.132,5.375,5.7,9.624,9.652,9.677,9.727,50.0,50.0,30.0
IC01624,LOT04,CMOS_LOGIC,127.15,10.718,11.255,11.306,11.455,4.862,4.984,5.167,5.346,9.968,9.972,10.112,10.226,50.0,50.0,30.0
IC00051,LOT11,MICROCONTROLLER,124.38,9.496,9.911,10.188,10.578,4.713,4.923,5.087,5.311,9.651,9.697,9.758,9.909,50.0,50.0,30.0
IC01329,LOT09,CMOS_LOGIC,124.71,10.618,13.716,21.066,32.244,4.766,6.384,9.554,17.687,10.027,11.18,14.104,17.596,50.0,50.0,30.0
IC01456,LOT16,MIXED_SIGNAL_IC,129.03,9.419,9.746,9.991,10.323,4.642,4.684,4.867,5.183,9.52,9.553,9.598,9.746,50.0,50.0,30.0
IC01999,LOT19,MICROCONTROLLER,124.85,9.461,9.755,9.932,10.227,4.529,4.649,4.837,5.116,10.82,10.853,10.938,11.155,50.0,50.0,30.0
IC00669,LOT09,CMOS_LOGIC,128.09,10.934,11.064,11.379,11.781,5.223,5.527,5.683,5.934,10.571,10.624,10.732,10.876,50.0,50.0,30.0
IC01848,LOT08,SRAM,124.21,9.672,9.935,10.403,10.755,4.932,5.114,5.238,5.458,10.851,10.872,10.909,11.042,50.0,50.0,30.0
IC01869,LOT09,MIXED_SIGNAL_IC,122.73,10.167,10.406,11.047,11.372,5.097,5.271,5.337,5.568,9.415,9.451,9.501,9.63,50.0,50.0,30.0
IC01312,LOT12,CMOS_LOGIC,126.05,11.303,11.735,12.089,12.45,4.909,5.06,5.253,5.546,10.257,10.314,10.446,10.512,50.0,50.0,30.0
IC00228,LOT08,CMOS_LOGIC,125.22,10.223,10.63,10.988,11.507,5.65,5.775,6.025,6.458,10.151,10.177,10.195,10.201,50.0,50.0,30.0
IC00125,LOT05,SRAM,123.7,9.761,10.164,10.317,10.531,4.539,4.793,4.987,5.196,10.013,10.064,10.123,10.235,50.0,50.0,30.0
IC01410,LOT10,MIXED_SIGNAL_IC,126.35,11.132,11.233,11.393,11.513,5.074,5.128,5.335,5.63,10.552,10.58,10.602,10.639,50.0,50.0,30.0
IC00035,LOT15,CMOS_LOGIC,124.56,9.55,9.858,10.201,10.407,4.746,5.002,5.22,5.502,9.739,9.758,9.857,9.989,50.0,50.0,30.0
IC00544,LOT04,SRAM,124.9,10.335,13.219,18.505,28.454,5.12,7.232,11.585,18.236,9.853,10.77,13.54,15.659,50.0,50.0,30.0
IC00901,LOT01,MIXED_SIGNAL_IC,126.02,9.777,10.227,10.357,10.711,4.925,5.023,5.166,5.499,10.289,10.331,10.436,10.563,50.0,50.0,30.0
IC00459,LOT19,CMOS_LOGIC,124.92,9.837,10.14,10.328,10.84,5.12,5.386,5.688,5.928,9.715,9.749,9.798,9.975,50.0,50.0,30.0
IC01852,LOT12,CMOS_LOGIC,125.78,11.551,11.913,12.246,12.664,5.8,6.028,6.212,6.567,11.009,11.073,11.179,11.348,50.0,50.0,30.0
IC00705,LOT05,SRAM,122.54,9.706,9.757,9.972,10.334,4.745,4.85,4.97,5.21,9.205,9.268,9.268,9.436,50.0,50.0,30.0
IC00378,LOT18,SRAM,128.27,10.45,10.62,10.904,11.367,4.557,4.756,5.042,5.381,10.412,10.441,10.545,10.559,50.0,50.0,30.0
IC01845,LOT05,SRAM,125.81,10.189,10.714,10.772,10.893,4.476,4.5,4.634,4.804,9.891,9.928,9.957,10.092,50.0,50.0,30.0
IC00260,LOT20,MICROCONTROLLER,128.8,9.394,9.594,9.768,10.081,4.783,4.938,5.232,5.426,9.326,9.315,9.349,9.448,50.0,50.0,30.0
IC00067,LOT07,MICROCONTROLLER,127.27,9.185,9.64,9.903,10.303,4.848,4.968,5.117,5.426,9.362,9.429,9.519,9.601,50.0,50.0,30.0
IC01861,LOT01,CMOS_LOGIC,125.72,10.097,10.37,10.666,10.957,5.113,5.201,5.415,5.66,10.199,10.246,10.366,10.46,50.0,50.0,30.0
IC00578,LOT18,SRAM,125.61,10.313,12.495,20.211,31.836,5.352,7.8,11.711,16.803,10.217,11.099,13.572,17.548,50.0,50.0,30.0
IC01506,LOT06,MICROCONTROLLER,127.15,8.685,8.934,9.055,9.586,4.602,4.8,5.085,5.237,9.443,9.501,9.601,9.715,50.0,50.0,30.0
IC01825,LOT05,MICROCONTROLLER,123.23,9.101,9.451,9.552,9.828,4.657,4.782,5.033,5.289,9.333,9.366,9.494,9.568,50.0,50.0,30.0
IC00603,LOT03,MICROCONTROLLER,126.36,10.281,10.372,10.66,11.051,4.898,5.08,5.349,5.674,10.566,10.69,10.774,10.967,50.0,50.0,30.0
IC01633,LOT13,MICROCONTROLLER,125.31,10.792,11.032,11.158,11.682,5.416,5.604,5.828,6.119,10.664,10.758,10.819,10.913,50.0,50.0,30.0
IC00897,LOT17,MICROCONTROLLER,122.1,9.103,9.332,9.531,9.791,5.089,5.225,5.409,5.588,9.463,9.486,9.543,9.727,50.0,50.0,30.0
IC01601,LOT01,MIXED_SIGNAL_IC,126.65,9.076,9.208,9.317,9.715,5.103,5.28,5.496,5.726,10.551,10.607,10.586,10.626,50.0,50.0,30.0
IC01938,LOT18,SRAM,124.79,8.697,12.005,18.908,30.625,5.695,6.74,11.814,19.598,9.918,11.007,13.425,17.625,50.0,50.0,30.0
IC00947,LOT07,MIXED_SIGNAL_IC,127.51,9.186,9.333,9.587,9.968,4.928,5.108,5.355,5.779,9.453,9.513,9.625,9.604,50.0,50.0,30.0
IC00751,LOT11,SRAM,125.0,9.919,10.334,10.647,10.973,4.513,4.584,4.702,4.829,8.862,8.93,9.05,9.174,50.0,50.0,30.0
IC00295,LOT15,MIXED_SIGNAL_IC,126.3,8.974,9.521,9.84,10.217,4.879,4.935,5.057,5.304,9.762,9.779,9.82,9.875,50.0,50.0,30.0
IC01790,LOT10,MIXED_SIGNAL_IC,126.08,10.151,10.538,10.969,11.27,5.464,5.624,5.685,5.862,10.707,10.778,10.892,10.928,50.0,50.0,30.0
IC00411,LOT11,CMOS_LOGIC,124.44,9.042,9.459,9.974,56.82,4.64,4.889,5.195,51.606,9.632,9.759,10.047,48.437,50.0,50.0,30.0
IC00688,LOT08,MICROCONTROLLER,127.05,10.362,10.732,10.821,11.152,4.849,5.0,5.168,5.186,11.047,11.071,11.163,11.236,50.0,50.0,30.0
IC00970,LOT10,SRAM,125.24,11.008,11.417,11.762,12.146,5.641,5.861,6.029,6.17,10.831,10.884,10.931,10.978,50.0,50.0,30.0
IC01712,LOT12,MICROCONTROLLER,126.71,11.151,11.516,11.685,11.899,5.469,5.705,6.035,6.211,10.903,10.926,11.052,11.179,50.0,50.0,30.0
IC00474,LOT14,CMOS_LOGIC,127.04,9.617,12.694,19.512,28.558,4.953,5.959,9.804,17.353,9.663,10.429,12.436,16.888,50.0,50.0,30.0
IC01549,LOT09,CMOS_LOGIC,126.08,10.307,10.603,11.111,11.581,4.727,4.891,5.084,5.171,10.501,10.585,10.662,10.739,50.0,50.0,30.0
IC01487,LOT07,SRAM,123.46,8.766,8.887,9.087,9.558,4.513,4.648,4.89,5.134,9.153,9.207,9.283,9.42,50.0,50.0,30.0
IC00104,LOT04,MIXED_SIGNAL_IC,124.53,10.044,10.414,10.865,11.212,4.854,4.932,5.163,5.509,9.933,9.959,10.033,10.134,50.0,50.0,30.0
IC01089,LOT09,MIXED_SIGNAL_IC,125.32,10.373,10.593,10.753,10.936,4.74,4.93,5.012,5.135,10.373,10.399,10.457,10.588,50.0,50.0,30.0
IC00981,LOT01,MICROCONTROLLER,122.52,9.562,9.858,10.265,10.404,4.604,4.777,5.021,5.275,9.807,9.777,9.873,9.937,50.0,50.0,30.0
IC00161,LOT01,MIXED_SIGNAL_IC,126.8,10.2,10.428,10.672,11.016,4.95,5.09,5.356,5.43,10.322,10.469,10.584,10.675,50.0,50.0,30.0
IC01600,LOT20,MICROCONTROLLER,125.96,9.736,10.185,10.483,10.838,4.282,4.488,4.721,4.982,9.311,9.405,9.47,9.569,50.0,50.0,30.0
IC00859,LOT19,MICROCONTROLLER,121.58,9.101,9.586,10.342,53.084,4.851,4.964,5.217,57.379,9.815,9.839,10.151,40.911,50.0,50.0,30.0
IC00471,LOT11,CMOS_LOGIC,122.62,9.255,9.538,9.681,10.173,4.714,4.86,5.028,5.359,9.268,9.315,9.434,9.514,50.0,50.0,30.0
IC00795,LOT15,SRAM,122.64,8.851,8.805,9.021,9.121,4.67,4.818,4.913,5.173,9.713,9.828,9.869,9.927,50.0,50.0,30.0
IC00163,LOT03,SRAM,126.16,10.75,11.067,11.162,11.246,5.014,5.172,5.25,5.562,9.992,9.986,9.977,10.062,50.0,50.0,30.0
IC00726,LOT06,SRAM,124.29,9.433,9.437,9.608,10.046,4.847,5.016,5.13,5.479,9.598,9.687,9.755,9.899,50.0,50.0,30.0
IC00497,LOT17,SRAM,117.61,9.432,9.622,9.822,10.313,4.69,4.859,4.995,5.188,9.925,9.927,10.01,10.161,50.0,50.0,30.0
IC01179,LOT19,CMOS_LOGIC,123.34,10.613,10.836,11.285,11.562,5.03,5.153,5.407,5.771,10.405,10.477,10.501,10.618,50.0,50.0,30.0
IC01346,LOT06,SRAM,122.49,9.027,9.323,9.563,9.638,4.619,4.86,4.991,5.165,9.191,9.228,9.304,9.477,50.0,50.0,30.0
IC00241,LOT01,SRAM,125.0,9.481,9.962,10.39,10.418,4.866,4.96,5.001,5.155,10.163,10.187,10.283,10.357,50.0,50.0,30.0
IC00294,LOT14,MICROCONTROLLER,127.04,9.951,13.428,18.683,28.619,4.952,6.376,10.442,20.356,9.419,10.369,12.861,17.302,50.0,50.0,30.0
IC00050,LOT10,MIXED_SIGNAL_IC,125.2,10.28,10.552,10.757,11.142,4.855,5.031,5.206,5.549,10.599,10.606,10.711,10.84,50.0,50.0,30.0
IC01358,LOT18,MICROCONTROLLER,126.03,9.333,9.729,10.001,10.12,5.18,5.315,5.491,5.651,10.549,10.539,10.639,10.755,50.0,50.0,30.0
IC01172,LOT12,MICROCONTROLLER,123.87,11.006,11.251,11.514,11.851,5.155,5.163,5.435,5.677,10.387,10.393,10.511,10.505,50.0,50.0,30.0
IC01460,LOT20,MICROCONTROLLER,122.73,9.205,9.589,9.901,10.175,5.069,5.277,5.443,5.679,9.595,9.616,9.752,9.847,50.0,50.0,30.0
IC00759,LOT19,MICROCONTROLLER,127.71,9.717,10.236,10.264,10.592,5.042,5.169,5.374,5.633,10.134,10.176,10.211,10.245,50.0,50.0,30.0
IC01449,LOT09,SRAM,128.2,9.991,10.495,10.808,11.174,5.084,5.274,5.668,5.91,9.782,9.89,9.936,10.076,50.0,50.0,30.0
IC01827,LOT07,SRAM,128.71,9.554,10.087,10.285,10.682,4.432,4.497,4.673,4.899,9.621,9.685,9.759,9.916,50.0,50.0,30.0
IC00564,LOT04,MIXED_SIGNAL_IC,123.87,10.503,10.89,11.323,11.852,5.261,5.583,5.719,6.195,9.703,9.739,9.795,9.911,50.0,50.0,30.0
IC00820,LOT20,MICROCONTROLLER,122.83,9.382,12.066,18.407,31.335,5.132,6.915,10.407,16.506,9.975,10.812,12.089,15.245,50.0,50.0,30.0
IC01229,LOT09,CMOS_LOGIC,129.86,10.25,10.426,10.493,10.723,5.344,5.557,5.813,6.022,9.667,9.758,9.864,10.028,50.0,50.0,30.0
IC01422,LOT02,SRAM,124.18,10.525,10.706,10.866,11.277,4.8,4.922,5.115,5.425,10.945,10.967,10.996,11.119,50.0,50.0,30.0
IC01035,LOT15,MICROCONTROLLER,127.37,9.586,9.8,10.023,10.327,4.718,4.906,5.059,5.309,9.676,9.655,9.755,9.844,50.0,50.0,30.0
IC00542,LOT02,MIXED_SIGNAL_IC,122.58,11.215,11.407,11.52,11.839,5.061,5.18,5.414,5.526,10.348,10.353,10.435,10.609,50.0,50.0,30.0
IC01980,LOT20,SRAM,126.32,9.017,12.744,20.273,29.367,4.544,6.087,11.852,20.546,9.95,10.854,12.315,16.323,50.0,50.0,30.0
IC01786,LOT06,MICROCONTROLLER,125.33,9.092,9.274,9.32,9.507,4.362,4.525,4.752,5.03,9.704,9.711,9.825,9.959,50.0,50.0,30.0
IC01846,LOT06,MIXED_SIGNAL_IC,125.06,9.49,9.815,9.818,10.192,4.177,4.284,4.505,4.766,9.38,9.42,9.531,9.645,50.0,50.0,30.0
IC01068,LOT08,MICROCONTROLLER,127.16,9.989,10.291,10.678,11.102,6.093,6.294,6.471,6.829,10.059,10.146,10.234,10.346,50.0,50.0,30.0
IC00571,LOT11,MICROCONTROLLER,124.09,9.801,10.137,10.293,10.464,4.459,4.53,4.759,5.008,9.252,9.299,9.397,9.452,50.0,50.0,30.0
IC00096,LOT16,SRAM,122.27,9.295,9.7,10.042,10.338,4.978,5.118,5.29,5.539,9.286,9.37,9.418,9.524,50.0,50.0,30.0
IC01192,LOT12,MIXED_SIGNAL_IC,126.81,11.123,11.376,11.714,12.089,5.504,5.681,5.801,6.117,10.563,10.61,10.714,10.773,50.0,50.0,30.0
IC01121,LOT01,MIXED_SIGNAL_IC,125.18,9.702,9.93,10.099,10.437,5.131,5.438,5.696,5.857,9.683,9.708,9.778,9.835,50.0,50.0,30.0
IC00523,LOT03,SRAM,122.32,10.157,10.645,10.81,11.075,5.454,5.627,5.869,6.177,10.307,10.321,10.367,10.449,50.0,50.0,30.0
IC00764,LOT04,SRAM,123.58,10.411,14.13,19.536,29.271,4.778,6.585,12.425,18.507,10.587,11.649,13.569,16.041,50.0,50.0,30.0
IC00040,LOT20,SRAM,124.87,9.134,9.362,9.703,10.136,4.795,4.991,5.14,5.585,9.523,9.502,9.541,9.649,50.0,50.0,30.0
IC00137,LOT17,MIXED_SIGNAL_IC,123.28,9.861,10.182,10.583,10.918,4.542,4.621,4.784,5.08,9.871,9.95,10.064,10.112,50.0,50.0,30.0
IC00134,LOT14,MICROCONTROLLER,123.07,9.283,9.515,9.74,9.838,5.043,5.145,5.412,5.792,9.929,9.929,9.985,10.084,50.0,50.0,30.0
IC01217,LOT17,MIXED_SIGNAL_IC,121.35,10.066,12.705,20.857,29.38,4.514,6.639,10.895,18.654,9.752,10.448,13.424,17.688,50.0,50.0,30.0
IC01623,LOT03,MIXED_SIGNAL_IC,123.94,11.086,11.535,11.672,11.99,5.312,5.444,5.654,5.848,10.456,10.441,10.553,10.774,50.0,50.0,30.0
IC00467,LOT07,MICROCONTROLLER,122.77,9.203,11.271,16.835,27.879,4.372,5.641,9.431,14.557,9.355,10.361,13.019,17.011,50.0,50.0,30.0
IC01972,LOT12,MIXED_SIGNAL_IC,126.12,11.229,11.6,11.834,12.125,5.38,5.583,5.765,5.992,10.153,10.153,10.212,10.324,50.0,50.0,30.0
IC00340,LOT20,MIXED_SIGNAL_IC,127.22,9.517,9.971,10.141,10.528,4.948,5.022,5.268,5.572,9.241,9.306,9.346,9.459,50.0,50.0,30.0
IC01526,LOT06,MIXED_SIGNAL_IC,124.17,9.923,10.141,10.417,10.773,4.778,4.905,5.246,5.571,9.143,9.11,9.185,9.233,50.0,50.0,30.0
IC01501,LOT01,MIXED_SIGNAL_IC,128.74,9.569,9.818,10.087,10.238,4.329,4.56,4.632,4.736,9.711,9.763,9.792,9.902,50.0,50.0,30.0
IC00617,LOT17,MICROCONTROLLER,124.43,10.244,10.442,10.772,11.343,4.763,4.881,5.232,5.481,9.319,9.358,9.402,9.492,50.0,50.0,30.0
IC01199,LOT19,MICROCONTROLLER,126.32,9.659,9.994,10.319,10.735,4.818,4.978,5.098,5.284,9.236,9.31,9.448,9.491,50.0,50.0,30.0
IC00573,LOT13,MIXED_SIGNAL_IC,123.26,11.376,11.672,11.794,12.228,5.191,5.367,5.535,5.8,10.111,10.117,10.157,10.225,50.0,50.0,30.0
IC00585,LOT05,SRAM,126.58,9.199,9.479,10.114,10.317,4.378,4.49,4.627,4.863,9.931,10.044,10.164,10.189,50.0,50.0,30.0
IC00147,LOT07,MIXED_SIGNAL_IC,124.73,8.97,12.83,21.207,32.586,4.721,5.929,9.819,19.197,9.308,9.936,11.637,13.961,50.0,50.0,30.0
IC01700,LOT20,MICROCONTROLLER,128.76,9.211,9.448,9.766,10.227,5.31,5.392,5.556,5.874,9.752,9.814,9.938,10.063,50.0,50.0,30.0
IC00364,LOT04,MICROCONTROLLER,127.2,10.286,10.865,11.113,11.474,4.85,5.005,5.155,5.259,10.59,10.612,10.636,10.821,50.0,50.0,30.0
IC00176,LOT16,MICROCONTROLLER,123.79,10.178,10.421,10.458,10.675,4.851,5.001,5.257,5.505,9.508,9.568,9.633,9.821,50.0,50.0,30.0
IC01231,LOT11,SRAM,125.49,9.509,9.748,10.036,10.147,4.609,4.766,5.017,5.238,9.067,9.055,9.114,9.208,50.0,50.0,30.0
IC00709,LOT09,MICROCONTROLLER,125.39,9.89,10.183,10.243,10.449,5.606,5.744,5.938,6.376,10.324,10.366,10.375,10.509,50.0,50.0,30.0
IC01404,LOT04,CMOS_LOGIC,125.96,10.212,10.696,10.815,11.124,5.076,5.245,5.413,5.683,9.51,9.529,9.694,9.781,50.0,50.0,30.0
IC00643,LOT03,SRAM,125.24,9.986,10.203,10.468,10.638,5.095,5.234,5.376,5.577,10.21,10.274,10.38,10.465,50.0,50.0,30.0
IC00268,LOT08,MICROCONTROLLER,123.01,10.416,10.891,11.237,11.525,4.927,5.05,5.21,5.547,9.954,10.08,10.136,10.293,50.0,50.0,30.0
IC00141,LOT01,MIXED_SIGNAL_IC,129.48,10.181,10.507,10.964,11.249,4.856,4.984,5.141,5.406,10.329,10.398,10.497,10.614,50.0,50.0,30.0
IC01638,LOT18,MICROCONTROLLER,125.36,10.002,10.307,10.738,11.03,5.198,5.361,5.575,5.91,9.575,9.633,9.812,9.923,50.0,50.0,30.0
IC01860,LOT20,MICROCONTROLLER,126.9,9.263,9.506,9.732,9.876,4.761,4.849,5.033,5.312,8.93,8.945,9.036,9.143,50.0,50.0,30.0
IC01896,LOT16,MICROCONTROLLER,125.74,9.773,10.239,10.541,10.786,4.753,4.883,4.997,5.242,8.879,8.957,9.106,9.202,50.0,50.0,30.0
IC01538,LOT18,MIXED_SIGNAL_IC,128.63,10.354,10.674,10.862,11.039,5.221,5.351,5.6,5.853,9.945,10.053,10.163,10.296,50.0,50.0,30.0
IC00758,LOT18,MIXED_SIGNAL_IC,126.0,10.259,10.58,10.866,11.211,5.389,5.523,5.812,5.911,9.84,9.873,9.971,10.094,50.0,50.0,30.0
IC01882,LOT02,MICROCONTROLLER,126.89,11.286,11.315,11.503,11.714,5.452,5.587,5.715,5.836,11.284,11.361,11.417,11.545,50.0,50.0,30.0
IC00317,LOT17,CMOS_LOGIC,122.87,10.081,10.432,10.596,11.028,5.111,5.26,5.461,5.849,9.197,9.204,9.293,9.384,50.0,50.0,30.0
IC00320,LOT20,CMOS_LOGIC,127.19,9.798,13.034,21.16,32.677,4.97,7.221,10.418,19.156,9.861,10.956,12.672,16.273,50.0,50.0,30.0
IC00126,LOT06,SRAM,127.95,9.41,9.903,10.311,10.808,4.748,4.942,5.147,5.269,9.88,9.92,9.966,10.175,50.0,50.0,30.0
IC01507,LOT07,SRAM,122.68,8.767,9.154,9.375,9.812,4.722,4.952,5.183,5.403,9.057,9.069,9.188,9.284,50.0,50.0,30.0
IC01532,LOT12,SRAM,125.07,10.704,10.862,11.333,59.926,5.194,5.443,5.721,69.511,10.39,10.437,10.629,37.401,50.0,50.0,30.0
IC01102,LOT02,SRAM,126.47,11.037,14.541,20.164,28.985,5.807,6.914,11.033,18.401,10.949,12.148,14.124,17.939,50.0,50.0,30.0
IC00522,LOT02,CMOS_LOGIC,124.31,11.503,11.8,12.049,12.236,5.258,5.342,5.63,5.967,10.661,10.754,10.831,11.026,50.0,50.0,30.0
IC00665,LOT05,MICROCONTROLLER,123.07,10.21,10.548,10.8,11.173,4.539,4.673,4.895,5.041,9.577,9.605,9.727,9.878,50.0,50.0,30.0
IC01640,LOT20,MIXED_SIGNAL_IC,127.33,10.022,12.45,17.791,30.273,4.839,7.309,13.65,22.91,9.452,10.545,12.935,17.0,50.0,50.0,30.0
IC01076,LOT16,SRAM,125.07,9.555,9.673,9.767,9.857,4.929,5.062,5.278,5.424,8.75,8.791,8.88,9.015,50.0,50.0,30.0
IC01034,LOT14,MIXED_SIGNAL_IC,122.13,9.994,10.274,10.572,10.986,4.493,4.615,4.908,5.233,9.263,9.334,9.42,9.536,50.0,50.0,30.0
IC01336,LOT16,CMOS_LOGIC,125.28,9.805,10.054,10.207,10.498,4.572,4.71,4.857,5.045,9.508,9.59,9.687,9.835,50.0,50.0,30.0
IC01565,LOT05,CMOS_LOGIC,123.08,9.172,9.532,9.816,10.136,4.596,4.839,5.156,5.51,8.823,8.864,8.932,8.981,50.0,50.0,30.0
IC00752,LOT12,MIXED_SIGNAL_IC,123.87,10.248,10.623,10.925,11.118,5.287,5.342,5.615,5.829,11.1,11.146,11.218,11.352,50.0,50.0,30.0
IC00871,LOT11,CMOS_LOGIC,123.23,9.158,9.467,9.816,10.002,4.687,4.919,5.166,5.526,8.524,8.519,8.592,8.738,50.0,50.0,30.0
IC00489,LOT09,CMOS_LOGIC,127.38,10.153,10.528,10.836,11.013,5.349,5.503,5.596,5.805,10.251,10.303,10.383,10.418,50.0,50.0,30.0
IC00815,LOT15,MICROCONTROLLER,125.07,9.6,9.941,10.339,54.71,4.859,4.97,5.333,57.968,9.407,9.438,9.667,44.577,50.0,50.0,30.0
IC00194,LOT14,CMOS_LOGIC,123.5,8.968,9.486,9.851,10.208,4.83,5.011,5.304,5.622,9.351,9.421,9.461,9.714,50.0,50.0,30.0
IC00457,LOT17,CMOS_LOGIC,127.23,9.655,9.996,10.066,10.318,4.728,4.829,5.017,5.331,9.319,9.35,9.442,9.579,50.0,50.0,30.0
IC01465,LOT05,MIXED_SIGNAL_IC,123.84,8.786,9.016,9.339,9.749,4.927,4.965,5.129,5.204,9.751,9.826,9.924,9.991,50.0,50.0,30.0
IC01807,LOT07,MIXED_SIGNAL_IC,125.89,9.647,9.861,10.001,10.283,4.69,4.836,5.046,5.219,10.054,10.183,10.249,10.301,50.0,50.0,30.0
IC01164,LOT04,MIXED_SIGNAL_IC,125.8,10.122,10.528,10.813,11.002,4.725,4.773,4.988,5.264,9.902,10.013,9.993,10.099,50.0,50.0,30.0
IC01969,LOT09,MIXED_SIGNAL_IC,127.15,10.233,10.57,10.776,11.075,5.367,5.483,5.673,5.947,9.983,10.061,10.134,10.307,50.0,50.0,30.0
IC01616,LOT16,CMOS_LOGIC,125.48,9.431,9.739,9.899,64.341,4.514,4.483,4.645,68.923,9.812,9.846,10.016,40.274,50.0,50.0,30.0
IC00232,LOT12,MIXED_SIGNAL_IC,125.96,10.273,10.596,10.967,11.116,5.912,6.073,6.339,6.59,10.309,10.474,10.487,10.64,50.0,50.0,30.0
IC01252,LOT12,MIXED_SIGNAL_IC,123.51,10.436,10.689,10.972,11.405,5.689,5.867,6.194,6.531,10.786,10.857,10.896,10.987,50.0,50.0,30.0
IC01513,LOT13,MIXED_SIGNAL_IC,126.49,9.677,10.045,10.279,10.7,5.291,5.527,5.803,5.998,10.555,10.685,10.721,10.859,50.0,50.0,30.0
IC00102,LOT02,CMOS_LOGIC,122.32,11.042,11.312,11.755,12.114,5.259,5.453,5.699,6.043,10.711,10.768,10.796,10.916,50.0,50.0,30.0
IC01062,LOT02,SRAM,127.13,10.623,10.801,11.261,11.413,5.392,5.6,5.766,5.943,11.31,11.413,11.496,11.598,50.0,50.0,30.0
IC00483,LOT03,MIXED_SIGNAL_IC,123.86,10.237,10.374,10.514,10.912,5.167,5.245,5.477,5.721,10.381,10.472,10.578,10.655,50.0,50.0,30.0
IC00158,LOT18,MICROCONTROLLER,125.94,10.007,10.249,10.404,10.744,4.819,4.923,5.014,5.156,10.07,10.056,10.146,10.254,50.0,50.0,30.0
IC01884,LOT04,MIXED_SIGNAL_IC,127.38,10.076,10.525,10.744,11.27,5.115,5.254,5.512,5.916,10.487,10.543,10.568,10.673,50.0,50.0,30.0
IC01989,LOT09,MIXED_SIGNAL_IC,126.19,10.55,10.907,10.929,11.386,5.26,5.458,5.637,5.84,10.59,10.645,10.677,10.824,50.0,50.0,30.0
IC01504,LOT04,CMOS_LOGIC,124.33,9.683,10.111,10.928,69.429,5.679,5.976,6.127,67.283,10.614,10.787,11.121,42.486,50.0,50.0,30.0
IC01222,LOT02,SRAM,124.39,10.317,10.671,10.809,11.093,4.929,5.174,5.4,5.609,10.025,10.028,10.126,10.219,50.0,50.0,30.0
IC01166,LOT06,MICROCONTROLLER,118.34,9.444,9.681,9.924,10.125,4.695,4.803,5.022,5.353,8.54,8.552,8.609,8.672,50.0,50.0,30.0
IC01689,LOT09,SRAM,124.46,10.716,10.927,11.37,11.646,4.885,5.061,5.294,5.616,10.084,10.116,10.227,10.392,50.0,50.0,30.0
IC00786,LOT06,MIXED_SIGNAL_IC,124.09,9.511,9.877,9.932,10.324,4.394,4.599,4.808,5.186,9.846,9.905,9.928,10.046,50.0,50.0,30.0
IC01590,LOT10,MIXED_SIGNAL_IC,126.21,11.415,11.631,11.778,11.825,4.918,5.076,5.189,5.426,10.334,10.364,10.436,10.528,50.0,50.0,30.0
IC01466,LOT06,MIXED_SIGNAL_IC,125.56,9.84,10.231,10.779,64.791,4.703,4.889,5.252,50.532,9.168,9.241,9.466,35.819,50.0,50.0,30.0
IC00173,LOT13,MIXED_SIGNAL_IC,126.52,11.291,11.795,12.044,12.431,5.469,5.6,5.818,6.092,10.181,10.118,10.222,10.42,50.0,50.0,30.0
IC01155,LOT15,SRAM,123.36,8.478,8.807,8.838,9.29,4.862,5.031,5.295,5.636,9.539,9.657,9.697,9.761,50.0,50.0,30.0
IC01909,LOT09,MICROCONTROLLER,125.05,10.473,10.912,11.014,11.244,5.202,5.303,5.534,5.745,10.753,10.788,10.859,10.977,50.0,50.0,30.0
IC00622,LOT02,SRAM,126.7,11.306,11.599,11.924,12.199,5.49,5.577,5.837,6.189,11.206,11.355,11.446,11.493,50.0,50.0,30.0
IC01560,LOT20,CMOS_LOGIC,120.81,9.338,9.769,10.082,10.148,4.84,4.926,5.115,5.377,9.731,9.815,9.897,10.0,50.0,50.0,30.0
IC01569,LOT09,CMOS_LOGIC,122.85,9.631,9.793,10.223,10.534,5.33,5.47,5.682,5.855,9.921,9.949,10.086,10.279,50.0,50.0,30.0
IC01224,LOT04,MIXED_SIGNAL_IC,121.71,10.216,13.63,20.306,31.652,5.432,6.615,10.545,19.725,10.377,11.51,13.68,15.759,50.0,50.0,30.0
IC01950,LOT10,MIXED_SIGNAL_IC,126.29,10.094,10.352,10.562,11.009,5.339,5.502,5.753,5.963,10.088,10.151,10.283,10.365,50.0,50.0,30.0
IC00702,LOT02,SRAM,127.87,10.92,11.317,11.426,11.848,5.124,5.347,5.467,5.624,11.438,11.464,11.487,11.548,50.0,50.0,30.0
IC00213,LOT13,MICROCONTROLLER,126.43,10.157,10.587,10.748,11.247,5.346,5.536,5.742,5.978,10.617,10.655,10.725,10.833,50.0,50.0,30.0
IC00283,LOT03,MIXED_SIGNAL_IC,124.26,9.802,10.191,10.4,10.731,5.409,5.533,5.682,6.066,10.536,10.59,10.691,10.833,50.0,50.0,30.0
IC01044,LOT04,CMOS_LOGIC,125.19,11.01,11.415,11.751,12.051,5.003,5.186,5.277,5.614,10.38,10.414,10.572,10.729,50.0,50.0,30.0
IC00160,LOT20,CMOS_LOGIC,124.05,9.547,10.029,10.105,10.403,5.037,5.111,5.337,5.658,9.586,9.62,9.595,9.705,50.0,50.0,30.0
IC01778,LOT18,MICROCONTROLLER,126.99,9.543,9.828,10.122,10.529,5.522,5.679,5.887,6.204,10.128,10.216,10.31,10.332,50.0,50.0,30.0
IC00094,LOT14,MIXED_SIGNAL_IC,126.02,9.602,9.789,10.022,10.177,4.805,4.991,5.298,5.645,8.916,8.958,9.097,9.205,50.0,50.0,30.0
IC01589,LOT09,MIXED_SIGNAL_IC,128.47,10.507,10.965,11.015,11.437,5.048,5.19,5.358,5.584,10.253,10.303,10.42,10.529,50.0,50.0,30.0
IC00082,LOT02,MICROCONTROLLER,129.06,10.134,10.362,10.632,10.848,5.365,5.58,5.888,5.958,10.402,10.425,10.507,10.663,50.0,50.0,30.0
IC01583,LOT03,SRAM,126.14,9.959,10.328,10.619,10.705,4.923,5.122,5.25,5.379,10.245,10.287,10.464,10.548,50.0,50.0,30.0
IC00405,LOT05,CMOS_LOGIC,123.97,9.861,10.173,10.461,10.49,4.526,4.618,4.789,4.976,9.32,9.256,9.26,9.295,50.0,50.0,30.0
IC01388,LOT08,SRAM,126.9,10.5,10.619,10.956,11.187,5.472,5.46,5.734,6.042,9.602,9.619,9.749,9.809,50.0,50.0,30.0
IC01261,LOT01,SRAM,125.03,9.811,10.253,10.465,11.018,4.94,5.026,5.128,5.278,10.173,10.176,10.286,10.47,50.0,50.0,30.0
IC00830,LOT10,MIXED_SIGNAL_IC,124.02,10.986,11.239,11.575,11.856,5.335,5.45,5.503,5.746,10.314,10.408,10.538,10.641,50.0,50.0,30.0
IC00041,LOT01,MIXED_SIGNAL_IC,125.18,9.887,10.271,10.583,10.94,4.99,5.105,5.258,5.567,9.989,10.049,10.161,10.176,50.0,50.0,30.0
IC01875,LOT15,MICROCONTROLLER,124.96,9.724,9.792,10.111,10.657,4.562,4.637,4.918,5.164,9.451,9.522,9.555,9.603,50.0,50.0,30.0
IC00089,LOT09,SRAM,128.38,10.703,10.985,11.172,11.238,4.8,4.912,5.055,5.318,10.231,10.285,10.381,10.447,50.0,50.0,30.0
IC01088,LOT08,CMOS_LOGIC,120.52,10.797,13.95,20.887,33.116,5.249,7.215,13.02,21.952,11.217,11.851,14.221,16.72,50.0,50.0,30.0
IC01218,LOT18,MIXED_SIGNAL_IC,122.86,10.249,10.623,11.106,11.501,5.581,5.713,5.908,6.091,9.77,9.855,9.958,10.032,50.0,50.0,30.0
IC01727,LOT07,MIXED_SIGNAL_IC,122.55,9.143,9.429,9.696,10.044,4.332,4.472,4.676,4.928,9.599,9.632,9.723,9.818,50.0,50.0,30.0
IC01196,LOT16,SRAM,123.74,10.067,10.429,10.616,10.807,4.464,4.541,4.635,4.729,9.041,9.096,9.071,9.194,50.0,50.0,30.0
IC00574,LOT14,MIXED_SIGNAL_IC,124.62,10.019,10.289,10.443,10.629,4.777,4.841,5.01,5.285,9.822,9.864,9.952,10.114,50.0,50.0,30.0
IC01738,LOT18,SRAM,126.38,9.607,9.685,10.041,10.48,4.829,5.029,5.117,5.416,9.964,9.947,10.03,10.14,50.0,50.0,30.0
IC01841,LOT01,SRAM,125.07,9.149,9.45,9.751,9.917,4.982,5.079,5.278,5.458,10.013,10.063,10.117,10.209,50.0,50.0,30.0
IC01755,LOT15,CMOS_LOGIC,126.97,9.877,10.207,10.488,10.854,4.862,4.953,5.229,5.558,9.489,9.58,9.591,9.748,50.0,50.0,30.0
IC00680,LOT20,SRAM,126.02,9.588,9.765,10.237,10.656,5.174,5.316,5.567,5.785,9.765,9.848,9.832,9.881,50.0,50.0,30.0
IC00264,LOT04,MIXED_SIGNAL_IC,120.21,10.354,10.694,11.056,11.329,4.903,5.117,5.419,5.595,9.764,9.78,9.855,9.97,50.0,50.0,30.0
IC01356,LOT16,MIXED_SIGNAL_IC,123.24,9.087,9.196,9.61,10.001,4.599,4.785,5.078,5.386,9.469,9.51,9.525,9.591,50.0,50.0,30.0
IC01049,LOT09,SRAM,122.4,10.832,11.182,11.409,11.719,4.962,4.969,4.983,5.258,9.395,9.433,9.495,9.615,50.0,50.0,30.0
IC00112,LOT12,MIXED_SIGNAL_IC,128.38,10.131,10.28,10.566,10.703,5.304,5.482,5.68,5.801,11.2,11.297,11.347,11.407,50.0,50.0,30.0
IC00941,LOT01,SRAM,121.59,9.224,12.252,18.085,29.128,4.586,6.67,10.979,18.906,9.624,10.476,12.028,15.853,50.0,50.0,30.0
IC01547,LOT07,MIXED_SIGNAL_IC,129.31,8.96,9.307,9.372,9.5,4.598,4.769,4.845,5.175,9.693,9.688,9.805,9.976,50.0,50.0,30.0
IC00133,LOT13,SRAM,122.81,10.176,10.31,10.517,10.845,4.873,5.007,5.201,5.498,11.24,11.195,11.224,11.326,50.0,50.0,30.0
IC00549,LOT09,MICROCONTROLLER,125.62,9.838,10.144,10.507,10.778,4.912,5.007,5.165,5.368,10.418,10.551,10.634,10.734,50.0,50.0,30.0
IC01311,LOT11,CMOS_LOGIC,124.29,8.819,9.319,9.584,9.777,4.76,4.908,5.178,5.288,9.315,9.378,9.408,9.516,50.0,50.0,30.0
IC01025,LOT05,MIXED_SIGNAL_IC,129.45,9.396,9.562,9.748,9.991,5.301,5.517,5.681,5.838,9.441,9.495,9.515,9.669,50.0,50.0,30.0
IC01910,LOT10,CMOS_LOGIC,124.48,10.84,11.043,11.144,11.427,4.769,5.009,5.159,5.361,10.856,10.884,11.01,11.088,50.0,50.0,30.0
IC01781,LOT01,SRAM,125.75,9.841,10.134,10.377,10.814,4.919,5.092,5.346,5.695,10.035,10.099,10.189,10.326,50.0,50.0,30.0
IC00700,LOT20,SRAM,130.58,9.952,10.227,10.409,10.625,5.182,5.355,5.634,5.873,9.165,9.223,9.308,9.408,50.0,50.0,30.0
IC00338,LOT18,MIXED_SIGNAL_IC,125.07,10.945,11.119,11.426,11.761,4.723,4.93,5.075,5.328,10.025,10.02,10.128,10.254,50.0,50.0,30.0
IC01029,LOT09,MIXED_SIGNAL_IC,125.06,10.187,10.569,10.828,11.044,4.752,4.838,5.094,5.347,9.912,9.917,9.989,10.049,50.0,50.0,30.0
IC01516,LOT16,MIXED_SIGNAL_IC,127.28,9.545,9.77,10.102,10.447,4.652,4.739,4.979,5.372,9.448,9.472,9.523,9.623,50.0,50.0,30.0
IC00701,LOT01,MICROCONTROLLER,122.71,8.677,9.012,9.432,9.649,5.459,5.595,5.839,6.12,9.307,9.38,9.506,9.589,50.0,50.0,30.0
IC00124,LOT04,MIXED_SIGNAL_IC,125.73,11.03,11.138,11.481,11.907,4.614,4.712,4.942,5.264,10.082,10.168,10.257,10.393,50.0,50.0,30.0
IC01072,LOT12,MICROCONTROLLER,123.08,9.871,10.05,10.236,10.74,5.539,5.898,6.076,6.295,10.714,10.698,10.712,10.769,50.0,50.0,30.0
IC01433,LOT13,MIXED_SIGNAL_IC,121.42,10.581,13.46,21.163,30.755,4.858,6.029,11.182,17.303,9.893,10.87,13.581,15.89,50.0,50.0,30.0
IC01997,LOT17,CMOS_LOGIC,121.89,10.403,10.861,11.107,11.497,4.927,5.111,5.206,5.464,9.51,9.646,9.704,9.884,50.0,50.0,30.0
IC01140,LOT20,CMOS_LOGIC,120.96,10.026,10.432,10.58,10.733,4.67,4.836,5.024,5.174,9.279,9.354,9.453,9.535,50.0,50.0,30.0
IC01009,LOT09,CMOS_LOGIC,124.66,10.313,10.715,10.969,11.319,4.904,5.086,5.225,5.382,10.771,10.863,10.889,10.988,50.0,50.0,30.0
IC01556,LOT16,MICROCONTROLLER,126.37,9.004,9.379,9.507,9.873,4.566,4.766,5.012,5.281,9.32,9.298,9.329,9.361,50.0,50.0,30.0
IC00169,LOT09,SRAM,123.99,9.552,9.991,10.419,65.705,5.238,5.472,5.755,72.868,10.424,10.522,10.701,49.657,50.0,50.0,30.0
IC01858,LOT18,SRAM,120.26,9.437,11.498,20.152,28.52,5.188,7.238,12.793,22.012,9.437,10.324,12.83,15.586,50.0,50.0,30.0
IC00999,LOT19,CMOS_LOGIC,124.41,9.359,9.674,9.666,10.035,4.796,5.049,5.285,5.63,10.368,10.445,10.565,10.712,50.0,50.0,30.0
IC01629,LOT09,MICROCONTROLLER,126.33,9.719,9.892,10.078,10.417,5.358,5.434,5.707,5.968,10.686,10.78,10.879,10.981,50.0,50.0,30.0
IC01228,LOT08,MICROCONTROLLER,128.6,10.326,10.636,10.844,11.272,5.206,5.305,5.513,5.905,10.753,10.815,10.864,10.981,50.0,50.0,30.0
IC00512,LOT12,SRAM,124.16,10.865,10.847,11.261,11.472,5.485,5.676,5.928,6.108,10.937,11.013,11.078,11.074,50.0,50.0,30.0
IC01936,LOT16,MIXED_SIGNAL_IC,124.59,9.312,9.549,9.847,10.193,4.367,4.454,4.573,4.842,8.933,8.966,9.081,9.126,50.0,50.0,30.0
IC00452,LOT12,MICROCONTROLLER,125.81,11.252,11.67,11.822,12.225,5.697,5.843,6.045,6.281,10.052,10.15,10.18,10.311,50.0,50.0,30.0
IC00487,LOT07,MIXED_SIGNAL_IC,125.02,9.053,9.161,9.22,9.496,4.906,5.062,5.329,5.63,9.143,9.196,9.317,9.418,50.0,50.0,30.0
IC01132,LOT12,MICROCONTROLLER,124.12,10.81,11.062,11.291,11.576,5.027,5.164,5.401,5.601,11.124,11.215,11.271,11.37,50.0,50.0,30.0
IC01324,LOT04,MICROCONTROLLER,125.76,10.564,11.005,11.235,11.422,5.577,5.639,5.808,6.016,9.581,9.637,9.803,9.877,50.0,50.0,30.0
IC00207,LOT07,CMOS_LOGIC,122.49,9.391,9.725,9.803,10.128,5.04,5.203,5.389,5.689,9.478,9.573,9.62,9.678,50.0,50.0,30.0
IC01085,LOT05,MIXED_SIGNAL_IC,122.21,8.462,8.645,8.93,9.077,4.341,4.436,4.507,4.705,8.952,9.031,9.11,9.214,50.0,50.0,30.0
IC01371,LOT11,CMOS_LOGIC,125.98,8.518,8.865,9.139,9.355,4.907,5.039,5.338,5.56,9.156,9.139,9.205,9.268,50.0,50.0,30.0
IC01267,LOT07,MICROCONTROLLER,126.24,8.968,9.512,9.924,10.191,4.555,4.774,4.991,5.242,9.204,9.354,9.477,9.671,50.0,50.0,30.0
IC01300,LOT20,MICROCONTROLLER,128.29,9.308,9.504,9.715,10.069,5.062,5.191,5.396,5.582,10.098,10.201,10.318,10.48,50.0,50.0,30.0
IC01154,LOT14,SRAM,124.43,8.795,9.091,9.283,9.626,4.566,4.756,4.994,5.113,8.897,8.946,8.958,9.145,50.0,50.0,30.0
IC01386,LOT06,MICROCONTROLLER,122.28,9.343,9.765,9.966,10.2,4.827,4.995,5.134,5.407,8.836,8.857,8.915,9.035,50.0,50.0,30.0
IC00069,LOT09,MIXED_SIGNAL_IC,126.03,10.086,10.272,10.893,61.168,5.061,5.215,5.468,66.288,9.725,9.869,9.932,41.499,50.0,50.0,30.0
IC01235,LOT15,MICROCONTROLLER,122.37,9.512,9.854,9.964,10.489,4.891,5.016,5.1,5.573,9.067,9.097,9.18,9.196,50.0,50.0,30.0
IC01652,LOT12,SRAM,127.44,11.212,11.631,11.903,12.455,5.072,5.238,5.351,5.474,10.585,10.675,10.713,10.757,50.0,50.0,30.0
IC01023,LOT03,CMOS_LOGIC,127.23,11.12,11.36,11.913,51.329,5.207,5.55,5.787,64.194,10.598,10.762,10.939,46.916,50.0,50.0,30.0
IC00682,LOT02,CMOS_LOGIC,129.0,11.47,11.628,11.931,12.252,5.195,5.336,5.593,5.941,10.58,10.569,10.625,10.766,50.0,50.0,30.0
IC00902,LOT02,MIXED_SIGNAL_IC,125.7,11.372,11.853,12.149,12.468,5.741,5.988,6.282,6.584,10.237,10.306,10.411,10.491,50.0,50.0,30.0
IC01319,LOT19,SRAM,125.92,9.722,9.877,10.22,10.556,4.558,4.8,4.936,5.196,9.698,9.704,9.759,9.839,50.0,50.0,30.0
IC01083,LOT03,SRAM,123.47,10.167,10.554,10.728,11.108,5.401,5.541,5.745,6.008,10.49,10.625,10.668,10.828,50.0,50.0,30.0
IC00200,LOT20,SRAM,127.07,9.695,9.956,10.426,10.824,4.718,4.897,5.123,5.404,10.339,10.312,10.381,10.523,50.0,50.0,30.0
IC01394,LOT14,CMOS_LOGIC,123.01,9.467,9.876,10.362,10.61,4.676,4.958,5.203,5.588,9.818,9.907,9.961,10.02,50.0,50.0,30.0
IC00703,LOT03,MICROCONTROLLER,124.04,10.92,11.227,11.429,11.878,5.158,5.31,5.386,5.702,10.21,10.337,10.423,10.535,50.0,50.0,30.0
IC01191,LOT11,MICROCONTROLLER,126.04,8.779,8.963,9.06,9.344,4.809,4.953,5.117,5.407,9.197,9.261,9.343,9.397,50.0,50.0,30.0
IC01968,LOT08,SRAM,124.75,11.086,11.341,11.447,11.646,5.48,5.598,5.668,6.012,10.228,10.222,10.296,10.358,50.0,50.0,30.0
IC00840,LOT20,MIXED_SIGNAL_IC,125.19,10.426,10.747,10.986,11.158,5.08,5.223,5.35,5.585,10.712,10.878,10.962,11.035,50.0,50.0,30.0
IC01143,LOT03,MIXED_SIGNAL_IC,128.85,10.545,10.682,10.82,11.04,5.29,5.326,5.549,5.843,10.022,10.058,10.22,10.298,50.0,50.0,30.0
IC01444,LOT04,CMOS_LOGIC,119.39,9.888,9.804,9.994,10.299,4.643,4.785,5.123,5.419,9.679,9.75,9.764,9.846,50.0,50.0,30.0
IC01149,LOT09,CMOS_LOGIC,126.19,9.898,10.185,10.575,10.717,5.564,5.786,6.071,6.166,9.795,9.75,9.814,9.961,50.0,50.0,30.0
IC01475,LOT15,MICROCONTROLLER,127.31,10.125,10.604,10.903,11.387,4.478,4.653,4.815,5.069,9.191,9.251,9.42,9.555,50.0,50.0,30.0
IC00626,LOT06,CMOS_LOGIC,122.28,9.396,9.725,9.947,10.335,4.183,4.329,4.518,4.574,8.783,8.866,8.92,9.0,50.0,50.0,30.0
IC01708,LOT08,SRAM,126.57,10.623,10.954,11.292,11.478,5.375,5.442,5.56,5.745,10.84,10.971,11.019,11.093,50.0,50.0,30.0
IC00611,LOT11,SRAM,123.75,9.461,9.884,10.179,10.255,4.602,4.71,4.986,5.132,9.737,9.756,9.795,9.916,50.0,50.0,30.0
IC00366,LOT06,MICROCONTROLLER,125.06,9.795,10.037,10.592,10.887,4.472,4.538,4.729,5.02,9.479,9.596,9.652,9.673,50.0,50.0,30.0
IC01758,LOT18,CMOS_LOGIC,122.26,9.15,9.41,9.523,9.803,4.762,4.927,5.069,5.353,9.504,9.499,9.535,9.629,50.0,50.0,30.0
IC00267,LOT07,SRAM,125.29,9.105,9.723,10.057,10.703,4.81,5.01,5.171,5.487,9.044,9.13,9.225,9.357,50.0,50.0,30.0
IC01093,LOT13,CMOS_LOGIC,125.22,10.722,11.115,11.088,11.159,5.396,5.484,5.704,5.893,10.35,10.346,10.423,10.528,50.0,50.0,30.0
IC01122,LOT02,CMOS_LOGIC,124.87,10.111,10.6,11.036,11.388,5.525,5.694,5.899,5.936,10.727,10.721,10.805,10.936,50.0,50.0,30.0
IC01929,LOT09,SRAM,122.69,9.747,9.847,10.113,10.379,4.977,5.043,5.146,5.486,10.487,10.558,10.676,10.724,50.0,50.0,30.0
IC00780,LOT20,MICROCONTROLLER,128.7,9.63,9.942,10.222,10.393,5.358,5.55,5.722,5.772,9.409,9.485,9.521,9.568,50.0,50.0,30.0
IC00181,LOT01,MICROCONTROLLER,123.31,10.486,11.054,11.471,11.766,4.716,4.982,5.175,5.483,9.371,9.422,9.517,9.632,50.0,50.0,30.0
IC01550,LOT10,SRAM,119.82,10.628,10.759,10.925,11.506,5.327,5.499,5.769,6.002,10.245,10.273,10.354,10.441,50.0,50.0,30.0
IC00448,LOT08,SRAM,127.67,11.146,11.491,11.8,12.147,5.526,5.651,5.887,6.249,10.532,10.533,10.579,10.68,50.0,50.0,30.0
IC01876,LOT16,MIXED_SIGNAL_IC,125.51,9.611,9.918,10.225,10.548,5.118,5.297,5.527,5.914,10.069,10.131,10.172,10.302,50.0,50.0,30.0
IC00428,LOT08,SRAM,126.37,9.612,9.967,10.245,10.666,5.4,5.623,5.829,5.996,10.196,10.213,10.364,10.472,50.0,50.0,30.0
IC01517,LOT17,SRAM,127.76,9.956,10.272,10.575,10.74,4.794,4.835,5.099,5.554,10.238,10.308,10.424,10.569,50.0,50.0,30.0
IC00036,LOT16,MIXED_SIGNAL_IC,124.74,9.076,9.354,9.598,9.77,4.55,4.66,4.806,5.028,9.183,9.242,9.359,9.511,50.0,50.0,30.0
IC00473,LOT13,SRAM,125.0,9.679,9.897,10.163,10.492,4.929,5.154,5.439,5.771,10.105,10.145,10.151,10.158,50.0,50.0,30.0
IC00064,LOT04,MIXED_SIGNAL_IC,126.64,10.493,10.926,11.275,11.636,5.02,5.234,5.516,5.877,10.436,10.512,10.585,10.692,50.0,50.0,30.0
IC00422,LOT02,MICROCONTROLLER,120.0,10.655,10.848,11.051,11.33,5.214,5.19,5.507,5.684,10.897,10.967,11.044,11.206,50.0,50.0,30.0
IC01263,LOT03,MICROCONTROLLER,127.84,9.949,10.09,10.364,10.729,5.298,5.436,5.631,5.768,10.81,10.878,10.96,11.068,50.0,50.0,30.0
IC00156,LOT16,MICROCONTROLLER,122.37,8.792,9.162,9.221,9.576,4.634,4.906,5.01,5.275,9.253,9.276,9.373,9.474,50.0,50.0,30.0
IC01340,LOT20,MIXED_SIGNAL_IC,122.41,9.128,9.489,9.778,10.14,4.669,4.855,5.136,5.446,9.969,10.017,10.111,10.208,50.0,50.0,30.0
IC01033,LOT13,MIXED_SIGNAL_IC,126.73,10.869,11.092,11.259,11.784,5.249,5.369,5.427,5.762,10.961,11.065,11.136,11.131,50.0,50.0,30.0
IC00073,LOT13,MICROCONTROLLER,123.94,10.726,11.024,11.11,11.353,4.72,4.789,4.963,5.186,10.178,10.242,10.318,10.443,50.0,50.0,30.0
IC00632,LOT12,SRAM,125.17,11.091,11.603,11.956,12.109,5.39,5.597,5.884,6.263,10.808,10.842,10.903,10.956,50.0,50.0,30.0
IC01554,LOT14,SRAM,123.79,9.583,10.082,10.255,10.541,4.316,4.492,4.813,5.079,9.725,9.783,9.87,9.899,50.0,50.0,30.0
IC00371,LOT11,MICROCONTROLLER,122.98,9.395,9.842,9.998,10.064,4.654,4.926,5.157,5.322,8.9,8.944,9.001,9.101,50.0,50.0,30.0
IC01185,LOT05,MICROCONTROLLER,127.08,10.464,13.585,20.923,30.127,4.591,6.696,12.239,18.307,9.509,10.019,13.017,16.471,50.0,50.0,30.0
IC00774,LOT14,SRAM,126.37,9.974,10.426,10.831,11.098,4.705,4.817,4.956,5.262,9.522,9.564,9.629,9.688,50.0,50.0,30.0
IC01740,LOT20,SRAM,124.25,10.125,10.365,10.65,11.08,4.661,4.907,5.126,5.495,9.852,9.908,9.976,9.999,50.0,50.0,30.0
IC01923,LOT03,MICROCONTROLLER,122.46,9.718,10.126,10.429,10.798,5.411,5.535,5.707,5.916,10.129,10.232,10.312,10.51,50.0,50.0,30.0
IC00306,LOT06,SRAM,123.5,8.866,11.508,18.612,30.051,4.682,6.093,11.67,16.929,9.555,10.09,11.985,14.869,50.0,50.0,30.0
IC00219,LOT19,MIXED_SIGNAL_IC,125.2,9.223,9.63,9.821,10.115,4.879,4.991,5.084,5.255,9.68,9.71,9.78,9.869,50.0,50.0,30.0
IC01584,LOT04,MICROCONTROLLER,125.22,10.243,10.32,10.689,10.876,5.285,5.368,5.565,5.839,9.994,10.023,10.081,10.162,50.0,50.0,30.0
IC00706,LOT06,MIXED_SIGNAL_IC,128.62,9.973,10.257,10.413,10.66,4.706,4.84,5.153,5.479,9.514,9.601,9.696,9.74,50.0,50.0,30.0
IC00312,LOT12,SRAM,121.33,10.702,11.084,11.371,11.572,5.211,5.378,5.662,5.864,10.813,10.947,11.006,11.108,50.0,50.0,30.0
IC01244,LOT04,SRAM,124.39,10.434,10.94,11.587,51.63,5.174,5.173,5.474,70.999,10.273,10.365,10.5,40.636,50.0,50.0,30.0
IC01728,LOT08,SRAM,125.18,10.68,10.842,11.359,64.891,5.445,5.547,5.866,54.868,10.193,10.288,10.503,47.74,50.0,50.0,30.0
IC01032,LOT12,SRAM,123.59,11.055,11.485,11.818,11.844,5.567,5.718,5.78,5.933,10.081,10.11,10.14,10.351,50.0,50.0,30.0
IC00943,LOT03,CMOS_LOGIC,124.41,10.653,10.874,11.197,11.457,5.005,5.238,5.422,5.77,10.146,10.204,10.295,10.361,50.0,50.0,30.0
IC00356,LOT16,CMOS_LOGIC,127.28,9.824,13.06,20.098,30.826,5.182,6.721,10.006,15.973,9.506,10.671,12.607,15.774,50.0,50.0,30.0
IC01736,LOT16,MICROCONTROLLER,122.24,9.202,9.54,9.715,9.827,4.912,5.032,5.252,5.467,9.507,9.569,9.639,9.761,50.0,50.0,30.0
IC01395,LOT15,MICROCONTROLLER,127.0,9.34,9.718,9.901,9.986,4.922,4.934,5.169,5.396,9.406,9.496,9.592,9.705,50.0,50.0,30.0
IC00240,LOT20,MIXED_SIGNAL_IC,126.74,9.609,9.892,10.08,10.339,5.254,5.429,5.635,5.837,9.965,10.008,10.091,10.085,50.0,50.0,30.0
IC00301,LOT01,SRAM,125.13,9.844,10.12,10.165,10.504,5.141,5.283,5.522,5.84,9.845,9.944,10.037,10.085,50.0,50.0,30.0
IC00034,LOT14,MIXED_SIGNAL_IC,129.11,9.557,9.844,9.97,10.204,4.72,4.798,5.135,5.388,9.427,9.45,9.538,9.632,50.0,50.0,30.0
IC01821,LOT01,CMOS_LOGIC,125.38,10.455,10.719,11.064,11.401,5.279,5.359,5.639,5.93,10.162,10.241,10.334,10.441,50.0,50.0,30.0
IC00924,LOT04,MIXED_SIGNAL_IC,121.9,9.497,9.68,10.168,10.496,5.225,5.414,5.507,5.926,10.32,10.321,10.442,10.492,50.0,50.0,30.0
IC01484,LOT04,SRAM,123.36,9.487,9.636,9.963,10.321,4.99,5.182,5.328,5.42,9.987,10.056,10.109,10.164,50.0,50.0,30.0
IC01108,LOT08,SRAM,120.44,9.873,10.364,10.535,10.903,5.038,5.119,5.241,5.559,10.332,10.447,10.563,10.56,50.0,50.0,30.0
IC01053,LOT13,SRAM,126.25,10.723,14.257,20.618,28.628,5.336,7.168,11.001,19.729,10.824,11.636,14.058,18.188,50.0,50.0,30.0
IC01944,LOT04,MICROCONTROLLER,125.64,10.147,10.348,10.728,10.96,4.761,4.806,5.104,5.369,10.269,10.32,10.444,10.588,50.0,50.0,30.0
IC01012,LOT12,MIXED_SIGNAL_IC,127.84,10.966,11.198,11.47,11.804,5.062,5.314,5.527,5.665,10.135,10.175,10.203,10.294,50.0,50.0,30.0
IC01855,LOT15,MICROCONTROLLER,130.04,9.143,9.479,9.672,9.975,4.812,4.884,5.036,5.311,9.833,9.973,10.107,10.141,50.0,50.0,30.0
IC01946,LOT06,SRAM,124.67,9.594,9.976,10.135,10.352,4.954,5.157,5.365,5.629,9.484,9.506,9.57,9.684,50.0,50.0,30.0
IC00351,LOT11,SRAM,124.6,8.972,8.982,9.235,9.414,4.568,4.608,4.92,5.086,9.217,9.241,9.293,9.394,50.0,50.0,30.0
IC01455,LOT15,MICROCONTROLLER,121.84,9.154,9.531,10.035,69.62,4.716,4.951,5.207,52.172,9.718,9.835,10.077,42.309,50.0,50.0,30.0
IC00370,LOT10,SRAM,123.63,10.332,10.633,10.651,10.87,4.923,5.226,5.472,5.651,9.856,9.963,10.003,10.075,50.0,50.0,30.0
IC00332,LOT12,CMOS_LOGIC,124.49,9.756,10.071,10.294,10.761,4.605,4.793,5.107,5.245,11.036,11.084,11.099,11.188,50.0,50.0,30.0
IC00928,LOT08,MIXED_SIGNAL_IC,122.61,9.725,9.918,10.07,10.328,5.001,5.19,5.366,5.703,10.43,10.44,10.47,10.667,50.0,50.0,30.0
IC01066,LOT06,CMOS_LOGIC,126.59,9.912,13.271,18.651,28.704,4.741,7.155,11.68,21.607,9.343,9.883,12.375,15.827,50.0,50.0,30.0
IC01830,LOT10,MICROCONTROLLER,128.39,11.607,11.839,12.026,12.15,5.067,5.223,5.453,5.852,10.581,10.65,10.712,10.744,50.0,50.0,30.0
IC01716,LOT16,MICROCONTROLLER,125.2,9.502,9.691,9.934,10.238,4.872,5.038,5.258,5.715,9.669,9.672,9.791,9.95,50.0,50.0,30.0
IC00130,LOT10,CMOS_LOGIC,125.23,10.41,10.751,10.901,10.936,5.012,5.109,5.287,5.659,10.086,10.116,10.217,10.308,50.0,50.0,30.0
IC01018,LOT18,MIXED_SIGNAL_IC,125.67,10.558,10.812,10.821,11.192,5.073,5.239,5.425,5.778,9.927,9.922,9.978,10.035,50.0,50.0,30.0
IC01353,LOT13,CMOS_LOGIC,122.19,10.876,11.189,11.358,11.543,5.35,5.478,5.751,6.072,9.768,9.793,9.877,9.956,50.0,50.0,30.0
IC01926,LOT06,CMOS_LOGIC,127.55,9.469,9.826,10.264,10.539,4.637,4.633,4.724,4.997,9.382,9.373,9.418,9.519,50.0,50.0,30.0
IC00647,LOT07,MICROCONTROLLER,122.64,9.249,9.664,9.998,10.263,4.687,4.887,5.232,5.428,9.146,9.263,9.32,9.49,50.0,50.0,30.0
IC01041,LOT01,CMOS_LOGIC,122.06,10.171,10.424,10.715,10.928,4.988,5.089,5.243,5.434,9.441,9.492,9.639,9.689,50.0,50.0,30.0
IC01667,LOT07,MIXED_SIGNAL_IC,122.81,9.785,10.129,10.353,10.651,4.913,5.131,5.464,5.735,8.858,8.829,8.842,8.94,50.0,50.0,30.0
IC00412,LOT12,MICROCONTROLLER,128.56,11.588,11.763,12.081,12.341,5.083,5.202,5.461,5.714,10.83,10.901,10.942,10.972,50.0,50.0,30.0
IC00339,LOT19,CMOS_LOGIC,125.99,10.229,13.567,21.827,31.131,4.758,6.204,9.206,19.021,9.952,11.095,13.671,15.869,50.0,50.0,30.0
IC01581,LOT01,MICROCONTROLLER,124.3,9.419,9.725,9.975,10.305,4.988,5.278,5.445,5.697,9.657,9.701,9.723,9.869,50.0,50.0,30.0
IC01128,LOT08,MICROCONTROLLER,124.38,9.706,13.532,21.207,31.397,5.741,7.601,13.211,22.076,10.364,11.508,13.476,16.21,50.0,50.0,30.0
IC01812,LOT12,CMOS_LOGIC,123.64,10.822,12.851,18.778,29.807,5.196,6.949,11.797,17.957,10.88,11.853,13.532,16.506,50.0,50.0,30.0
IC00247,LOT07,CMOS_LOGIC,125.87,9.504,9.543,9.882,10.234,4.847,4.959,5.198,5.332,9.159,9.251,9.317,9.376,50.0,50.0,30.0
IC00824,LOT04,MICROCONTROLLER,125.17,10.609,10.931,11.257,11.721,5.437,5.548,5.826,6.098,10.719,10.805,10.893,11.057,50.0,50.0,30.0
IC01125,LOT05,MIXED_SIGNAL_IC,126.38,9.715,10.091,10.492,10.95,4.76,4.95,5.198,5.355,9.179,9.202,9.275,9.405,50.0,50.0,30.0
IC00551,LOT11,MICROCONTROLLER,124.22,9.333,9.577,9.711,10.262,4.436,4.677,4.869,5.032,9.475,9.554,9.615,9.759,50.0,50.0,30.0
IC01851,LOT11,CMOS_LOGIC,123.66,9.064,9.252,9.646,9.939,4.302,4.384,4.605,4.877,8.932,8.972,9.097,9.22,50.0,50.0,30.0
IC01918,LOT18,MICROCONTROLLER,127.33,10.136,10.742,10.945,11.303,4.956,5.13,5.339,5.642,10.567,10.636,10.697,10.863,50.0,50.0,30.0
IC00498,LOT18,MICROCONTROLLER,128.26,10.762,11.26,11.63,11.706,4.759,4.87,5.053,5.384,10.412,10.409,10.448,10.468,50.0,50.0,30.0
IC01039,LOT19,SRAM,122.29,10.355,10.672,10.933,11.257,4.999,5.14,5.366,5.679,9.7,9.767,9.863,9.958,50.0,50.0,30.0
IC00029,LOT09,SRAM,128.37,9.497,12.319,20.43,30.832,4.832,7.31,11.629,20.377,10.367,11.142,13.835,17.257,50.0,50.0,30.0
IC00413,LOT13,SRAM,123.13,10.577,10.698,11.146,11.515,5.132,5.25,5.506,5.854,10.636,10.672,10.744,10.918,50.0,50.0,30.0
IC01822,LOT02,SRAM,126.23,11.06,11.563,11.796,12.055,5.249,5.384,5.698,6.016,10.991,11.099,11.192,11.294,50.0,50.0,30.0
IC00515,LOT15,MIXED_SIGNAL_IC,120.93,9.883,10.02,10.039,10.377,4.292,4.476,4.796,5.107,9.443,9.57,9.664,9.707,50.0,50.0,30.0
IC01674,LOT14,MIXED_SIGNAL_IC,122.59,10.25,10.662,10.907,11.463,4.993,5.15,5.306,5.589,9.339,9.402,9.527,9.649,50.0,50.0,30.0
IC00184,LOT04,MICROCONTROLLER,123.5,9.821,10.062,10.087,10.461,5.102,5.214,5.33,5.53,10.521,10.564,10.62,10.609,50.0,50.0,30.0
IC00042,LOT02,SRAM,124.5,11.326,11.628,12.08,12.419,4.849,4.986,5.244,5.317,10.568,10.627,10.738,10.764,50.0,50.0,30.0
IC00121,LOT01,MIXED_SIGNAL_IC,125.94,9.391,9.701,9.959,51.37,5.131,5.291,5.736,68.981,9.706,9.796,10.02,47.111,50.0,50.0,30.0
IC01564,LOT04,SRAM,123.75,9.377,9.616,10.054,10.335,4.823,4.988,5.207,5.584,9.774,9.801,9.872,9.967,50.0,50.0,30.0
IC01721,LOT01,SRAM,123.13,9.956,10.234,10.408,10.762,5.477,5.577,5.787,6.063,10.013,10.055,10.174,10.269,50.0,50.0,30.0
IC01061,LOT01,CMOS_LOGIC,126.81,9.931,10.094,10.437,10.896,5.165,5.341,5.505,5.759,9.552,9.619,9.695,9.749,50.0,50.0,30.0
IC00243,LOT03,MICROCONTROLLER,124.34,10.105,10.274,10.558,10.986,5.686,5.846,6.142,6.269,10.465,10.435,10.526,10.639,50.0,50.0,30.0
IC01152,LOT12,MICROCONTROLLER,128.59,10.622,11.06,11.252,11.661,5.15,5.373,5.519,5.714,10.886,10.965,11.051,11.117,50.0,50.0,30.0
IC01171,LOT11,MICROCONTROLLER,127.06,9.82,10.225,10.521,10.582,4.396,4.478,4.719,4.989,9.164,9.241,9.352,9.464,50.0,50.0,30.0
IC00066,LOT06,MIXED_SIGNAL_IC,124.53,9.506,9.758,9.964,10.285,4.812,4.854,5.121,5.333,9.37,9.425,9.52,9.594,50.0,50.0,30.0
IC00590,LOT10,MIXED_SIGNAL_IC,124.49,10.427,10.697,11.036,11.336,5.044,5.083,5.14,5.344,11.101,11.193,11.304,11.45,50.0,50.0,30.0
IC00507,LOT07,SRAM,123.0,9.829,10.395,10.539,11.014,4.787,4.882,5.117,5.438,9.454,9.385,9.501,9.67,50.0,50.0,30.0
IC01817,LOT17,MICROCONTROLLER,127.23,10.646,10.766,11.051,11.244,5.069,5.25,5.381,5.529,9.105,9.133,9.344,9.389,50.0,50.0,30.0
IC01525,LOT05,SRAM,125.82,9.408,9.912,10.06,10.311,4.959,5.033,5.128,5.375,9.747,9.808,9.908,9.973,50.0,50.0,30.0
IC00048,LOT08,MIXED_SIGNAL_IC,130.15,10.833,11.119,11.387,11.996,5.191,5.274,5.571,5.609,11.059,11.026,11.056,11.097,50.0,50.0,30.0
IC01775,LOT15,SRAM,127.99,10.039,10.256,10.382,10.812,4.744,4.91,5.138,5.535,9.965,10.042,10.218,10.322,50.0,50.0,30.0
IC01354,LOT14,CMOS_LOGIC,124.18,9.607,9.908,10.242,10.455,4.662,4.81,4.962,5.229,9.216,9.244,9.295,9.361,50.0,50.0,30.0
IC00852,LOT12,CMOS_LOGIC,126.75,10.644,10.958,11.33,63.979,5.484,5.817,6.151,71.27,11.127,11.195,11.556,38.712,50.0,50.0,30.0
IC00586,LOT06,SRAM,123.38,9.283,9.775,10.209,10.6,4.584,4.719,4.692,4.965,9.757,9.807,9.892,9.995,50.0,50.0,30.0
IC01642,LOT02,MICROCONTROLLER,124.23,10.699,10.988,11.135,11.523,5.45,5.699,5.84,5.978,10.616,10.666,10.745,10.904,50.0,50.0,30.0
IC01008,LOT08,MIXED_SIGNAL_IC,124.48,10.64,10.836,10.799,11.141,5.431,5.572,5.732,6.043,10.727,10.776,10.803,10.806,50.0,50.0,30.0
IC01850,LOT10,MIXED_SIGNAL_IC,126.76,11.116,11.666,11.874,12.395,4.973,5.119,5.313,5.492,10.445,10.552,10.612,10.807,50.0,50.0,30.0
IC00810,LOT10,CMOS_LOGIC,122.38,10.876,11.582,11.894,12.184,5.171,5.29,5.457,5.709,9.966,10.02,10.082,10.168,50.0,50.0,30.0
IC01403,LOT03,CMOS_LOGIC,124.19,9.976,10.332,10.736,11.022,5.239,5.429,5.706,5.821,10.657,10.69,10.785,10.931,50.0,50.0,30.0
IC01489,LOT09,MIXED_SIGNAL_IC,129.16,10.374,10.735,10.978,11.326,4.538,4.654,4.769,4.94,10.484,10.5,10.529,10.562,50.0,50.0,30.0
IC00664,LOT04,CMOS_LOGIC,124.15,10.304,10.656,10.984,11.228,5.084,5.153,5.45,5.703,9.766,9.894,9.978,10.086,50.0,50.0,30.0
IC01408,LOT08,SRAM,126.78,10.323,10.423,10.776,11.062,5.855,5.987,6.149,6.549,10.419,10.484,10.586,10.694,50.0,50.0,30.0
IC00059,LOT19,CMOS_LOGIC,124.12,10.402,10.789,11.013,11.433,5.134,5.3,5.498,5.799,8.943,8.986,9.065,9.137,50.0,50.0,30.0
IC01082,LOT02,SRAM,126.51,11.417,11.676,12.033,12.206,5.098,5.271,5.412,5.622,10.794,10.699,10.862,10.99,50.0,50.0,30.0
IC00670,LOT10,CMOS_LOGIC,121.7,9.737,10.154,10.448,10.567,5.016,5.163,5.322,5.598,10.673,10.691,10.73,10.726,50.0,50.0,30.0
IC01253,LOT13,CMOS_LOGIC,123.25,11.111,11.428,11.679,12.054,4.937,5.137,5.205,5.416,10.154,10.212,10.337,10.434,50.0,50.0,30.0
IC01816,LOT16,SRAM,125.4,9.503,9.682,10.029,10.632,5.088,5.32,5.429,5.663,9.536,9.557,9.6,9.757,50.0,50.0,30.0
IC00976,LOT16,CMOS_LOGIC,126.02,10.137,10.481,10.647,11.051,4.771,4.962,5.265,5.588,8.967,9.06,9.114,9.254,50.0,50.0,30.0
IC01602,LOT02,SRAM,124.26,10.006,10.561,11.219,59.149,5.815,6.004,6.174,66.197,10.714,10.78,10.994,35.974,50.0,50.0,30.0
IC01477,LOT17,MICROCONTROLLER,122.89,10.256,10.619,10.972,11.326,5.492,5.602,5.886,6.244,10.204,10.225,10.304,10.342,50.0,50.0,30.0
IC00756,LOT16,MIXED_SIGNAL_IC,122.82,10.597,10.69,10.914,11.367,4.421,4.491,4.684,4.944,9.881,9.899,9.976,10.104,50.0,50.0,30.0
IC00734,LOT14,MICROCONTROLLER,127.41,9.746,12.108,20.944,32.138,4.507,6.777,11.667,18.739,10.082,11.266,13.514,17.681,50.0,50.0,30.0
IC00818,LOT18,MIXED_SIGNAL_IC,123.09,10.115,10.37,10.477,10.632,4.717,4.793,5.02,5.219,10.147,10.131,10.226,10.217,50.0,50.0,30.0
IC01984,LOT04,CMOS_LOGIC,124.52,11.463,11.742,11.846,12.213,5.185,5.331,5.525,5.783,10.159,10.218,10.228,10.37,50.0,50.0,30.0
IC00613,LOT13,SRAM,125.94,11.186,11.634,12.025,12.467,5.174,5.393,5.592,5.832,11.573,11.585,11.642,11.727,50.0,50.0,30.0
IC01718,LOT18,MIXED_SIGNAL_IC,126.92,9.441,9.482,9.76,10.139,4.954,5.107,5.302,5.488,9.511,9.588,9.735,9.724,50.0,50.0,30.0
IC00775,LOT15,SRAM,123.46,9.428,9.803,9.88,10.081,4.499,4.647,4.926,5.229,9.611,9.568,9.636,9.76,50.0,50.0,30.0
IC00334,LOT14,SRAM,123.13,8.942,9.373,9.621,64.351,4.961,5.219,5.589,65.362,9.162,9.317,9.424,49.82,50.0,50.0,30.0
IC01118,LOT18,MICROCONTROLLER,124.54,9.721,9.979,10.114,10.326,4.826,4.975,5.121,5.414,9.832,9.909,10.084,10.24,50.0,50.0,30.0
IC00699,LOT19,MICROCONTROLLER,122.59,9.632,9.987,10.463,10.807,5.009,5.169,5.284,5.603,10.051,10.035,10.196,10.34,50.0,50.0,30.0
IC00456,LOT16,SRAM,123.64,9.224,9.738,9.959,9.983,4.882,4.983,5.153,5.382,9.901,9.944,10.068,10.232,50.0,50.0,30.0
IC01131,LOT11,SRAM,122.99,9.279,9.614,9.906,10.137,4.676,4.784,4.977,5.018,9.557,9.605,9.676,9.82,50.0,50.0,30.0
IC01902,LOT02,SRAM,124.97,11.38,11.719,12.028,12.188,5.666,5.903,6.067,6.3,10.455,10.494,10.576,10.822,50.0,50.0,30.0
IC01715,LOT15,MICROCONTROLLER,127.81,9.657,9.987,10.46,10.639,4.77,4.886,5.232,5.464,9.74,9.728,9.887,9.938,50.0,50.0,30.0
IC01488,LOT08,MICROCONTROLLER,123.36,11.276,11.457,11.569,11.931,5.467,5.537,5.716,6.028,10.967,11.074,11.144,11.211,50.0,50.0,30.0
IC00583,LOT03,SRAM,126.77,10.818,10.95,11.225,11.475,5.384,5.433,5.585,5.883,10.139,10.183,10.325,10.321,50.0,50.0,30.0
IC00081,LOT01,CMOS_LOGIC,123.79,9.609,9.865,10.205,10.467,5.096,5.303,5.571,5.714,9.704,9.799,9.82,9.979,50.0,50.0,30.0
IC01369,LOT09,CMOS_LOGIC,125.11,10.502,10.896,10.943,11.256,5.574,5.739,5.954,6.195,10.674,10.75,10.861,10.878,50.0,50.0,30.0
IC01595,LOT15,SRAM,122.99,9.119,9.392,9.84,10.095,5.007,5.121,5.258,5.605,9.471,9.538,9.599,9.627,50.0,50.0,30.0
IC01872,LOT12,MIXED_SIGNAL_IC,125.44,10.771,11.113,11.339,11.709,5.49,5.654,5.904,6.147,11.047,11.04,11.113,11.165,50.0,50.0,30.0
IC01391,LOT11,MICROCONTROLLER,124.09,8.891,9.377,9.819,10.128,4.583,4.714,4.811,5.009,8.713,8.822,8.903,8.977,50.0,50.0,30.0
IC01665,LOT05,SRAM,126.27,9.59,9.709,9.91,10.13,4.135,4.238,4.366,4.658,9.209,9.187,9.223,9.325,50.0,50.0,30.0
IC00469,LOT09,CMOS_LOGIC,126.1,9.978,10.336,10.645,11.097,5.016,5.155,5.4,5.608,10.727,10.735,10.887,11.005,50.0,50.0,30.0
IC01655,LOT15,MIXED_SIGNAL_IC,123.34,9.569,10.169,10.539,10.98,5.102,5.331,5.603,5.75,9.08,9.085,9.193,9.322,50.0,50.0,30.0
IC01705,LOT05,MIXED_SIGNAL_IC,124.55,9.389,9.648,9.971,56.292,5.155,5.325,5.622,64.946,9.159,9.261,9.422,41.868,50.0,50.0,30.0
IC01797,LOT17,MIXED_SIGNAL_IC,127.58,10.03,10.051,10.112,10.396,4.786,4.931,5.134,5.559,9.937,9.964,10.047,10.111,50.0,50.0,30.0
IC01982,LOT02,CMOS_LOGIC,124.75,10.42,10.721,11.095,11.444,5.13,5.309,5.508,5.723,11.299,11.401,11.508,11.599,50.0,50.0,30.0
IC00860,LOT20,CMOS_LOGIC,128.34,9.906,10.268,10.622,10.791,4.977,5.199,5.414,5.676,9.997,10.07,10.099,10.121,50.0,50.0,30.0
IC01332,LOT12,MIXED_SIGNAL_IC,119.52,10.7,10.865,11.033,11.25,5.541,5.689,5.831,6.194,10.491,10.55,10.574,10.751,50.0,50.0,30.0
IC01236,LOT16,MICROCONTROLLER,124.61,9.802,9.945,9.979,10.133,4.98,5.088,5.422,5.637,9.897,9.98,10.089,10.255,50.0,50.0,30.0
IC00311,LOT11,CMOS_LOGIC,128.58,9.427,9.675,9.918,10.001,5.098,5.221,5.389,5.651,9.492,9.62,9.622,9.702,50.0,50.0,30.0
IC00055,LOT15,MIXED_SIGNAL_IC,126.4,9.666,9.84,9.836,10.094,4.705,4.792,4.868,5.179,9.669,9.783,9.831,9.928,50.0,50.0,30.0
IC01610,LOT10,CMOS_LOGIC,122.45,10.422,10.663,10.838,11.24,5.497,5.633,5.858,6.085,10.244,10.341,10.427,10.598,50.0,50.0,30.0
IC01653,LOT13,MIXED_SIGNAL_IC,123.97,10.824,11.056,11.372,11.609,5.117,5.254,5.426,5.721,11.038,11.117,11.28,11.381,50.0,50.0,30.0
IC00151,LOT11,CMOS_LOGIC,125.24,9.622,12.532,18.601,27.7,4.402,5.599,11.599,19.476,9.698,10.252,12.141,15.06,50.0,50.0,30.0
IC01961,LOT01,SRAM,127.46,9.476,9.673,9.928,10.103,4.664,4.797,4.967,5.209,10.173,10.316,10.447,10.541,50.0,50.0,30.0
IC00300,LOT20,CMOS_LOGIC,126.31,9.507,9.721,9.921,10.214,4.946,5.119,5.338,5.691,10.515,10.468,10.453,10.528,50.0,50.0,30.0
IC00994,LOT14,CMOS_LOGIC,120.74,9.508,9.684,9.84,10.285,4.737,4.902,5.145,5.323,9.246,9.178,9.237,9.294,50.0,50.0,30.0
IC01037,LOT17,MIXED_SIGNAL_IC,129.78,9.761,9.973,10.325,10.806,5.272,5.403,5.637,5.817,10.103,10.147,10.191,10.353,50.0,50.0,30.0
IC00667,LOT07,MIXED_SIGNAL_IC,121.77,9.329,9.526,9.875,10.196,4.922,5.103,5.266,5.487,9.126,9.154,9.254,9.337,50.0,50.0,30.0
IC00369,LOT09,CMOS_LOGIC,127.12,10.054,13.905,22.377,32.875,5.049,6.141,11.642,19.759,9.854,11.033,13.24,16.081,50.0,50.0,30.0
IC01931,LOT11,MICROCONTROLLER,129.1,8.845,9.019,9.198,9.324,4.776,4.961,5.057,5.363,9.696,9.758,9.924,10.108,50.0,50.0,30.0
IC01247,LOT07,MIXED_SIGNAL_IC,124.41,10.058,10.351,10.577,10.938,4.627,4.794,5.008,5.335,8.863,8.896,8.998,9.112,50.0,50.0,30.0
IC01206,LOT06,MIXED_SIGNAL_IC,127.85,10.068,10.418,10.846,11.191,4.997,5.134,5.334,5.582,9.98,10.009,10.155,10.269,50.0,50.0,30.0
IC01343,LOT03,MIXED_SIGNAL_IC,124.66,10.055,10.225,10.735,11.139,4.851,4.935,5.068,5.199,10.199,10.243,10.394,10.554,50.0,50.0,30.0
IC00265,LOT05,MIXED_SIGNAL_IC,125.12,9.602,9.809,10.331,53.349,4.706,4.865,5.161,53.047,9.497,9.564,9.754,40.951,50.0,50.0,30.0
IC00854,LOT14,MICROCONTROLLER,125.47,9.514,9.715,9.97,10.28,4.492,4.734,4.961,4.995,9.227,9.287,9.309,9.361,50.0,50.0,30.0
IC01719,LOT19,SRAM,124.84,10.323,10.711,10.955,11.362,4.943,5.267,5.402,5.722,9.689,9.765,9.916,10.062,50.0,50.0,30.0
IC00730,LOT10,MIXED_SIGNAL_IC,123.32,9.338,9.796,10.022,10.075,5.436,5.612,5.901,6.225,10.451,10.474,10.558,10.631,50.0,50.0,30.0
IC01751,LOT11,SRAM,125.84,9.186,9.328,9.619,9.753,4.656,4.856,5.022,5.175,9.614,9.638,9.673,9.778,50.0,50.0,30.0
IC01806,LOT06,SRAM,124.62,9.348,9.8,9.975,10.358,4.695,4.668,4.798,5.133,9.903,9.933,10.005,10.058,50.0,50.0,30.0
IC01417,LOT17,MIXED_SIGNAL_IC,122.97,9.305,9.729,10.398,55.653,4.648,4.923,5.242,72.994,10.014,10.111,10.363,43.685,50.0,50.0,30.0
IC01326,LOT06,MIXED_SIGNAL_IC,126.42,9.471,12.757,19.83,28.309,4.611,7.102,12.736,19.925,9.011,9.944,11.301,14.54,50.0,50.0,30.0
IC01468,LOT08,MIXED_SIGNAL_IC,128.24,10.196,10.589,11.023,11.256,5.397,5.538,5.665,5.861,11.305,11.318,11.346,11.514,50.0,50.0,30.0
IC01078,LOT18,CMOS_LOGIC,126.94,10.642,11.015,11.226,11.744,5.005,5.167,5.344,5.551,10.027,10.04,10.094,10.177,50.0,50.0,30.0
IC00223,LOT03,MIXED_SIGNAL_IC,127.78,10.359,10.604,10.74,11.035,4.962,5.108,5.232,5.411,10.957,10.968,11.01,11.09,50.0,50.0,30.0
IC00589,LOT09,MIXED_SIGNAL_IC,124.71,9.659,10.216,10.447,10.534,4.982,5.084,5.33,5.503,10.344,10.341,10.447,10.571,50.0,50.0,30.0
IC01415,LOT15,MIXED_SIGNAL_IC,125.14,9.455,9.861,10.146,10.499,4.553,4.741,4.955,5.122,9.108,9.166,9.237,9.328,50.0,50.0,30.0
IC01348,LOT08,SRAM,122.19,10.317,12.399,20.102,29.175,4.829,7.314,12.182,18.627,10.442,11.402,13.098,17.148,50.0,50.0,30.0
IC01833,LOT13,CMOS_LOGIC,124.96,10.784,11.037,11.142,11.387,5.411,5.482,5.624,5.905,10.86,11.014,11.163,11.233,50.0,50.0,30.0
IC00132,LOT12,SRAM,124.93,10.648,10.713,11.051,11.454,6.094,6.321,6.554,6.872,10.566,10.69,10.74,10.793,50.0,50.0,30.0
IC00020,LOT20,CMOS_LOGIC,125.17,9.759,10.013,10.277,10.656,4.691,4.936,5.05,5.47,9.696,9.668,9.742,9.871,50.0,50.0,30.0
IC00116,LOT16,MICROCONTROLLER,124.15,9.95,10.294,10.708,11.15,4.298,4.48,4.733,4.968,9.528,9.529,9.613,9.763,50.0,50.0,30.0
IC00496,LOT16,SRAM,123.84,9.904,10.511,10.971,11.268,4.421,4.586,4.742,5.027,9.09,9.111,9.11,9.143,50.0,50.0,30.0
IC00090,LOT10,SRAM,126.05,11.115,11.27,11.456,11.587,5.108,5.263,5.517,5.773,10.853,10.952,11.002,11.114,50.0,50.0,30.0
IC01211,LOT11,MICROCONTROLLER,125.9,9.418,9.738,10.096,68.926,4.579,4.699,5.085,54.453,9.356,9.397,9.576,44.363,50.0,50.0,30.0
IC01829,LOT09,MIXED_SIGNAL_IC,127.49,10.569,10.775,10.931,11.103,5.036,5.18,5.342,5.564,10.898,10.989,11.063,11.144,50.0,50.0,30.0
IC01375,LOT15,CMOS_LOGIC,122.55,9.677,10.048,10.506,62.932,4.768,4.828,5.103,69.829,9.455,9.518,9.819,46.065,50.0,50.0,30.0
IC00619,LOT19,SRAM,125.22,9.881,13.844,20.245,29.548,5.128,6.948,10.603,15.766,9.809,10.971,13.838,16.244,50.0,50.0,30.0
IC01976,LOT16,SRAM,123.82,9.279,9.614,9.749,10.034,4.534,4.591,4.8,5.023,9.624,9.758,9.861,9.914,50.0,50.0,30.0
IC00868,LOT08,MIXED_SIGNAL_IC,124.77,10.262,10.647,10.925,11.232,5.333,5.577,5.823,6.018,10.422,10.469,10.546,10.65,50.0,50.0,30.0
IC00527,LOT07,CMOS_LOGIC,125.42,9.655,9.952,10.492,10.789,4.355,4.522,4.698,4.977,9.067,9.106,9.214,9.353,50.0,50.0,30.0
IC00679,LOT19,MIXED_SIGNAL_IC,126.91,9.657,9.882,10.386,10.863,4.834,5.026,5.2,5.429,9.765,9.83,9.998,10.113,50.0,50.0,30.0
IC00735,LOT15,MICROCONTROLLER,126.53,8.983,9.23,9.343,9.746,4.935,4.971,5.155,5.313,9.018,9.034,9.086,9.252,50.0,50.0,30.0
IC00350,LOT10,CMOS_LOGIC,125.66,10.924,11.269,11.354,11.48,5.009,5.182,5.351,5.528,10.204,10.278,10.325,10.412,50.0,50.0,30.0
IC00952,LOT12,CMOS_LOGIC,127.01,11.455,11.705,12.04,12.319,5.575,5.653,5.949,6.112,10.769,10.815,10.908,11.031,50.0,50.0,30.0
IC01892,LOT12,SRAM,124.24,10.165,10.686,10.989,11.438,5.638,5.825,5.996,6.125,11.162,11.202,11.237,11.389,50.0,50.0,30.0
IC01562,LOT02,SRAM,124.94,10.8,11.175,11.427,11.883,5.198,5.282,5.456,5.73,9.68,9.78,9.87,9.935,50.0,50.0,30.0
IC00741,LOT01,SRAM,122.64,10.142,10.379,10.601,10.713,5.139,5.164,5.338,5.595,10.085,10.142,10.255,10.508,50.0,50.0,30.0
IC00204,LOT04,CMOS_LOGIC,128.32,9.998,10.228,10.474,10.665,5.264,5.358,5.511,5.785,9.541,9.584,9.574,9.568,50.0,50.0,30.0
IC00530,LOT10,MIXED_SIGNAL_IC,125.8,11.894,12.266,12.685,13.034,5.323,5.522,5.648,5.977,10.572,10.612,10.719,10.734,50.0,50.0,30.0
IC01413,LOT13,MICROCONTROLLER,125.29,10.274,10.534,11.014,11.102,5.141,5.289,5.396,5.672,10.864,10.932,11.048,11.087,50.0,50.0,30.0
IC00770,LOT10,MIXED_SIGNAL_IC,122.45,10.019,10.509,10.869,11.296,4.924,5.069,5.147,5.361,10.517,10.556,10.616,10.719,50.0,50.0,30.0
IC00558,LOT18,SRAM,123.08,9.677,9.941,10.336,10.426,5.068,5.351,5.555,5.891,10.348,10.407,10.454,10.552,50.0,50.0,30.0
IC00610,LOT10,CMOS_LOGIC,124.87,10.808,13.486,21.763,30.417,5.412,6.672,10.865,17.908,10.743,11.487,14.062,16.304,50.0,50.0,30.0
IC01127,LOT07,MIXED_SIGNAL_IC,126.17,8.588,8.948,9.039,9.253,4.859,5.009,5.21,5.385,9.658,9.69,9.802,9.927,50.0,50.0,30.0
IC00447,LOT07,MIXED_SIGNAL_IC,123.74,8.782,9.207,9.4,9.896,4.386,4.594,4.906,5.132,9.434,9.544,9.712,9.791,50.0,50.0,30.0
IC01305,LOT05,MICROCONTROLLER,125.71,8.579,8.831,8.828,9.177,4.657,4.779,4.97,5.32,9.565,9.627,9.682,9.802,50.0,50.0,30.0
IC01889,LOT09,MIXED_SIGNAL_IC,122.61,10.509,10.84,10.977,11.455,4.927,5.053,5.23,5.464,9.965,9.994,10.005,10.167,50.0,50.0,30.0
IC00908,LOT08,MICROCONTROLLER,123.08,10.48,11.018,11.477,11.861,4.989,5.038,5.113,5.319,11.004,11.052,11.128,11.238,50.0,50.0,30.0
IC00255,LOT15,SRAM,123.22,10.008,10.303,10.338,10.665,4.888,4.98,5.251,5.383,8.994,9.062,9.191,9.239,50.0,50.0,30.0
IC01893,LOT13,MIXED_SIGNAL_IC,127.22,11.772,12.072,12.501,12.752,5.791,5.911,6.073,6.39,9.882,9.947,10.049,10.139,50.0,50.0,30.0
IC00766,LOT06,MICROCONTROLLER,130.04,10.412,10.716,10.974,11.351,4.773,4.881,5.05,5.182,8.972,8.931,8.966,8.988,50.0,50.0,30.0
IC01992,LOT12,MIXED_SIGNAL_IC,123.45,11.066,11.336,11.295,11.532,5.301,5.493,5.692,5.839,10.602,10.691,10.759,10.798,50.0,50.0,30.0
IC01113,LOT13,SRAM,125.43,11.607,11.788,12.067,12.208,4.895,5.09,5.31,5.68,10.784,10.823,10.891,10.976,50.0,50.0,30.0
IC00424,LOT04,SRAM,123.62,9.305,12.979,21.961,30.074,4.833,6.003,11.136,20.239,10.339,11.039,12.67,16.637,50.0,50.0,30.0
IC01670,LOT10,CMOS_LOGIC,125.74,10.141,10.493,10.721,11.12,4.98,5.103,5.347,5.566,9.932,9.976,10.053,10.068,50.0,50.0,30.0
IC00662,LOT02,MICROCONTROLLER,123.04,10.632,11.091,11.14,11.344,5.421,5.671,5.841,5.986,10.268,10.327,10.388,10.446,50.0,50.0,30.0
IC01663,LOT03,MICROCONTROLLER,127.16,10.979,11.281,11.545,11.804,4.916,4.993,5.188,5.393,10.842,10.953,11.053,11.155,50.0,50.0,30.0
IC01471,LOT11,MIXED_SIGNAL_IC,125.93,8.836,9.164,9.454,9.804,4.576,4.707,4.898,5.092,8.714,8.77,8.882,8.996,50.0,50.0,30.0
IC00934,LOT14,MIXED_SIGNAL_IC,126.11,10.058,10.412,10.526,10.974,4.683,4.871,5.18,5.376,9.633,9.687,9.769,9.882,50.0,50.0,30.0
IC00569,LOT09,MIXED_SIGNAL_IC,124.53,10.113,10.277,10.532,10.704,4.99,5.107,5.429,5.701,10.808,10.869,10.911,10.99,50.0,50.0,30.0
IC00361,LOT01,SRAM,127.61,10.283,10.722,10.996,11.394,4.907,5.051,5.372,5.452,9.516,9.581,9.715,9.82,50.0,50.0,30.0
IC00468,LOT08,CMOS_LOGIC,124.32,10.538,10.784,11.058,11.427,5.411,5.521,5.747,6.083,10.561,10.602,10.685,10.809,50.0,50.0,30.0
IC01220,LOT20,MIXED_SIGNAL_IC,126.46,10.072,13.802,21.916,31.883,4.778,7.047,10.211,19.122,9.074,9.719,11.434,14.667,50.0,50.0,30.0
IC01900,LOT20,MICROCONTROLLER,125.39,9.849,10.14,10.338,10.776,4.571,4.72,4.838,5.091,10.272,10.291,10.251,10.307,50.0,50.0,30.0
IC00282,LOT02,MIXED_SIGNAL_IC,124.85,9.818,10.247,10.949,61.946,5.589,5.745,5.985,71.364,10.501,10.481,10.749,36.322,50.0,50.0,30.0
IC00304,LOT04,MIXED_SIGNAL_IC,127.87,10.114,10.543,10.727,10.936,5.229,5.335,5.415,5.668,10.766,10.7,10.803,10.907,50.0,50.0,30.0
IC00480,LOT20,MICROCONTROLLER,125.95,9.396,9.591,9.771,10.228,5.039,5.245,5.367,5.71,9.763,9.81,9.922,10.014,50.0,50.0,30.0
IC01911,LOT11,SRAM,124.83,8.96,8.985,8.928,9.388,4.74,4.917,5.094,5.316,8.973,8.989,9.076,9.212,50.0,50.0,30.0
IC01204,LOT04,CMOS_LOGIC,129.9,10.198,10.533,10.612,11.003,4.993,5.133,5.33,5.663,10.718,10.712,10.747,10.863,50.0,50.0,30.0
IC00380,LOT20,MICROCONTROLLER,123.33,9.484,9.806,9.978,10.246,5.097,5.156,5.341,5.575,9.331,9.403,9.491,9.532,50.0,50.0,30.0
IC00540,LOT20,MICROCONTROLLER,127.52,10.034,10.18,10.274,10.328,4.577,4.704,4.901,5.11,9.89,9.996,10.129,10.325,50.0,50.0,30.0
IC01867,LOT07,SRAM,126.87,10.005,10.224,10.664,10.948,4.901,4.982,5.243,5.471,8.749,8.783,8.898,9.018,50.0,50.0,30.0
IC01294,LOT14,SRAM,124.44,9.279,13.262,20.368,29.809,4.92,7.106,10.664,16.924,9.482,10.531,12.512,15.016,50.0,50.0,30.0
IC01742,LOT02,SRAM,124.88,10.633,10.865,11.213,11.638,5.092,5.273,5.517,5.82,10.388,10.338,10.419,10.429,50.0,50.0,30.0
IC00386,LOT06,CMOS_LOGIC,126.37,9.437,9.899,9.967,10.108,4.951,4.97,5.121,5.384,9.509,9.563,9.649,9.679,50.0,50.0,30.0
IC00841,LOT01,SRAM,124.58,10.006,12.451,21.26,34.052,5.112,7.199,13.292,22.887,9.35,10.208,12.54,15.587,50.0,50.0,30.0
IC00864,LOT04,MIXED_SIGNAL_IC,125.8,9.441,11.449,18.055,26.989,4.861,6.798,12.176,19.613,10.137,10.665,13.046,17.151,50.0,50.0,30.0
IC01117,LOT17,MICROCONTROLLER,121.85,9.385,9.855,9.99,10.317,4.573,4.632,4.951,5.261,10.181,10.271,10.341,10.5,50.0,50.0,30.0
IC00001,LOT01,MICROCONTROLLER,123.94,9.706,9.885,10.682,69.665,4.818,5.108,5.398,67.008,9.702,9.787,9.985,49.133,50.0,50.0,30.0
IC00577,LOT17,MICROCONTROLLER,126.64,9.326,9.688,9.928,10.332,4.992,5.222,5.41,5.801,9.616,9.714,9.794,9.928,50.0,50.0,30.0
IC01074,LOT14,MIXED_SIGNAL_IC,121.05,9.106,9.597,9.851,10.219,5.143,5.264,5.479,5.781,9.081,9.158,9.269,9.35,50.0,50.0,30.0
IC00625,LOT05,SRAM,121.18,9.14,9.532,9.88,10.312,4.512,4.669,4.888,5.057,9.467,9.43,9.453,9.518,50.0,50.0,30.0
IC00690,LOT10,MICROCONTROLLER,124.41,10.637,11.066,11.87,65.95,5.444,5.511,5.897,64.028,10.553,10.718,10.929,49.726,50.0,50.0,30.0
IC01055,LOT15,MIXED_SIGNAL_IC,123.19,9.941,10.316,11.119,65.099,4.757,4.967,5.289,57.734,9.227,9.37,9.58,41.736,50.0,50.0,30.0
IC01729,LOT09,MIXED_SIGNAL_IC,123.86,9.898,13.618,19.468,30.832,5.144,7.324,11.032,20.124,10.078,11.249,13.558,17.52,50.0,50.0,30.0
IC00710,LOT10,CMOS_LOGIC,126.21,9.225,9.476,9.989,10.165,4.661,4.792,5.03,5.318,10.81,10.85,10.904,11.016,50.0,50.0,30.0
IC01722,LOT02,CMOS_LOGIC,123.65,11.445,14.955,22.632,34.689,5.323,7.504,11.04,17.209,10.954,11.64,14.313,18.34,50.0,50.0,30.0
IC00633,LOT13,SRAM,125.62,10.954,11.024,11.412,11.765,5.465,5.613,5.801,6.008,10.602,10.639,10.749,10.823,50.0,50.0,30.0
IC01707,LOT07,SRAM,120.48,8.795,9.43,9.758,10.049,4.451,4.543,4.67,4.955,9.472,9.491,9.612,9.682,50.0,50.0,30.0
IC00039,LOT19,MIXED_SIGNAL_IC,126.51,10.204,10.818,11.017,11.376,5.182,5.371,5.514,5.912,9.343,9.403,9.475,9.582,50.0,50.0,30.0
IC00925,LOT05,CMOS_LOGIC,129.51,9.131,9.375,9.601,10.03,4.835,4.985,5.128,5.348,9.688,9.734,9.784,9.861,50.0,50.0,30.0
IC01106,LOT06,MIXED_SIGNAL_IC,125.6,9.978,10.149,10.495,11.028,4.697,4.869,5.146,5.384,8.846,8.893,9.016,9.199,50.0,50.0,30.0
IC00677,LOT17,CMOS_LOGIC,128.07,9.832,10.159,10.461,10.723,5.127,5.228,5.381,5.664,9.703,9.744,9.814,9.944,50.0,50.0,30.0
IC01967,LOT07,MIXED_SIGNAL_IC,123.58,8.304,8.574,8.711,9.189,4.377,4.468,4.768,5.03,9.283,9.323,9.407,9.521,50.0,50.0,30.0
IC01232,LOT12,CMOS_LOGIC,125.59,10.855,11.134,11.549,11.872,5.076,5.203,5.393,5.638,10.705,10.753,10.87,11.019,50.0,50.0,30.0
IC00284,LOT04,SRAM,123.54,10.957,11.104,11.643,51.057,5.133,5.285,5.621,57.569,10.158,10.383,10.683,44.009,50.0,50.0,30.0
IC01286,LOT06,MICROCONTROLLER,125.25,9.246,9.507,9.943,10.277,4.504,4.728,4.948,5.183,9.245,9.253,9.397,9.546,50.0,50.0,30.0
IC01921,LOT01,MIXED_SIGNAL_IC,127.81,9.658,10.044,10.111,10.406,4.998,5.086,5.309,5.544,9.327,9.368,9.446,9.547,50.0,50.0,30.0
IC00561,LOT01,MICROCONTROLLER,122.09,9.802,10.111,10.415,10.771,5.032,5.16,5.322,5.695,9.909,9.859,9.91,10.0,50.0,50.0,30.0
IC01362,LOT02,MIXED_SIGNAL_IC,129.28,11.799,15.576,22.869,33.901,5.197,6.451,12.453,22.108,11.226,12.268,15.162,17.917,50.0,50.0,30.0
IC01514,LOT14,MICROCONTROLLER,121.45,9.8,10.33,10.689,11.162,4.751,4.918,5.05,5.31,9.466,9.539,9.648,9.724,50.0,50.0,30.0
IC01579,LOT19,MICROCONTROLLER,125.75,9.701,10.002,10.467,10.675,4.79,5.09,5.321,5.491,9.782,9.81,9.812,9.918,50.0,50.0,30.0
IC01095,LOT15,CMOS_LOGIC,122.69,9.556,10.004,10.373,10.858,4.715,4.936,5.136,5.436,9.108,9.171,9.215,9.25,50.0,50.0,30.0
IC00426,LOT06,MIXED_SIGNAL_IC,126.94,9.813,10.129,10.382,10.596,4.365,4.563,4.8,5.119,9.025,9.07,9.174,9.252,50.0,50.0,30.0
IC01270,LOT10,MICROCONTROLLER,124.34,10.189,10.548,10.769,11.088,5.641,5.811,6.114,6.266,11.222,11.32,11.343,11.419,50.0,50.0,30.0
IC01407,LOT07,MICROCONTROLLER,125.19,8.57,10.726,17.104,26.601,5.024,7.037,11.967,17.658,8.999,10.135,12.403,15.547,50.0,50.0,30.0
IC01951,LOT11,CMOS_LOGIC,125.23,9.006,9.529,9.796,10.025,4.322,4.501,4.673,5.058,9.002,9.066,9.1,9.266,50.0,50.0,30.0
IC00828,LOT08,MIXED_SIGNAL_IC,126.19,10.107,10.277,10.431,10.758,5.345,5.418,5.566,5.869,10.434,10.588,10.687,10.741,50.0,50.0,30.0
IC01178,LOT18,SRAM,126.64,10.037,10.287,10.633,10.934,5.144,5.369,5.503,5.938,10.422,10.459,10.56,10.66,50.0,50.0,30.0
IC01622,LOT02,CMOS_LOGIC,120.69,10.107,12.829,20.481,31.304,5.382,7.768,11.123,17.226,9.992,11.029,12.892,15.307,50.0,50.0,30.0
IC01328,LOT08,CMOS_LOGIC,124.72,10.637,11.14,11.29,11.624,5.414,5.615,5.81,6.045,10.376,10.369,10.503,10.595,50.0,50.0,30.0
IC01495,LOT15,SRAM,125.62,9.371,9.55,9.671,9.988,4.973,5.231,5.588,5.922,9.044,9.015,9.065,9.013,50.0,50.0,30.0
IC00843,LOT03,MIXED_SIGNAL_IC,122.8,10.44,10.682,11.011,11.347,5.243,5.42,5.56,5.912,10.585,10.647,10.76,10.841,50.0,50.0,30.0
IC00835,LOT15,MIXED_SIGNAL_IC,128.22,9.214,12.401,17.67,29.243,4.555,6.61,10.852,20.316,9.385,10.237,12.599,15.123,50.0,50.0,30.0
IC01144,LOT04,CMOS_LOGIC,127.41,9.931,10.486,10.809,68.935,5.104,5.283,5.403,58.755,10.324,10.436,10.69,48.949,50.0,50.0,30.0
IC01917,LOT17,MIXED_SIGNAL_IC,127.52,10.117,12.863,21.429,33.391,4.988,6.104,11.552,19.246,10.41,10.982,13.199,15.681,50.0,50.0,30.0
IC01464,LOT04,MIXED_SIGNAL_IC,126.68,10.099,10.39,10.534,10.778,5.133,5.312,5.494,5.692,10.605,10.593,10.637,10.717,50.0,50.0,30.0
IC01948,LOT08,MIXED_SIGNAL_IC,123.55,11.088,11.389,11.413,11.774,5.049,5.212,5.531,5.855,10.675,10.769,10.804,10.96,50.0,50.0,30.0
IC01266,LOT06,MIXED_SIGNAL_IC,122.89,10.014,10.379,10.57,10.649,4.945,5.09,5.379,5.602,9.171,9.255,9.308,9.442,50.0,50.0,30.0
IC01805,LOT05,SRAM,125.04,9.775,10.194,10.513,10.952,4.961,5.144,5.302,5.484,10.15,10.227,10.282,10.346,50.0,50.0,30.0
IC01126,LOT06,MICROCONTROLLER,123.8,9.437,9.599,9.711,9.867,4.789,4.961,5.302,5.468,9.152,9.188,9.276,9.363,50.0,50.0,30.0
IC01423,LOT03,MICROCONTROLLER,127.28,10.844,11.282,11.557,11.759,5.058,5.147,5.378,5.536,10.657,10.675,10.735,10.849,50.0,50.0,30.0
IC01914,LOT14,MICROCONTROLLER,126.49,9.361,9.558,9.768,10.024,4.582,4.754,5.001,5.127,9.867,9.888,9.938,10.026,50.0,50.0,30.0
IC01385,LOT05,MICROCONTROLLER,124.58,9.462,9.856,10.13,10.565,5.286,5.473,5.697,5.856,9.383,9.391,9.447,9.532,50.0,50.0,30.0
IC01398,LOT18,SRAM,125.81,10.746,14.486,21.987,29.994,4.8,6.33,12.333,17.469,9.787,10.289,11.995,16.28,50.0,50.0,30.0
IC01411,LOT11,MIXED_SIGNAL_IC,122.76,8.902,12.643,18.388,29.338,4.58,5.656,11.507,17.879,9.108,10.3,13.16,16.991,50.0,50.0,30.0
IC01756,LOT16,CMOS_LOGIC,125.83,8.967,9.404,9.613,9.921,5.098,5.266,5.442,5.611,9.344,9.413,9.537,9.669,50.0,50.0,30.0
IC00624,LOT04,CMOS_LOGIC,124.22,11.195,11.354,11.795,12.024,4.709,4.772,5.017,5.406,10.09,10.166,10.254,10.375,50.0,50.0,30.0
IC01987,LOT07,SRAM,126.4,9.619,9.739,9.975,10.261,4.697,4.745,4.92,5.293,9.09,9.16,9.186,9.301,50.0,50.0,30.0
IC00245,LOT05,CMOS_LOGIC,126.06,10.037,10.48,10.538,10.811,4.83,4.964,5.278,5.507,9.0,9.04,9.065,9.133,50.0,50.0,30.0
IC01452,LOT12,SRAM,124.66,10.582,10.937,11.223,11.713,5.655,5.802,5.879,6.181,10.449,10.585,10.693,10.754,50.0,50.0,30.0
IC00655,LOT15,MIXED_SIGNAL_IC,121.59,8.62,8.433,8.679,8.965,4.833,4.987,5.307,5.496,9.845,9.848,9.931,10.087,50.0,50.0,30.0
IC01473,LOT13,CMOS_LOGIC,126.69,11.095,11.191,11.365,11.648,5.091,5.171,5.391,5.7,11.143,11.164,11.263,11.405,50.0,50.0,30.0
IC01135,LOT15,MICROCONTROLLER,126.02,9.945,12.233,20.533,32.213,4.679,6.475,9.565,16.972,9.636,10.293,12.237,16.378,50.0,50.0,30.0
IC01874,LOT14,MICROCONTROLLER,125.04,9.604,9.862,10.211,10.774,4.853,5.11,5.39,5.729,9.544,9.628,9.706,9.769,50.0,50.0,30.0
IC00403,LOT03,CMOS_LOGIC,130.09,10.103,10.405,10.774,11.047,5.676,5.796,5.912,6.22,11.112,11.195,11.252,11.366,50.0,50.0,30.0
IC01427,LOT07,MICROCONTROLLER,123.16,9.042,9.124,9.215,9.445,5.018,5.213,5.458,5.669,9.288,9.387,9.48,9.564,50.0,50.0,30.0
IC00953,LOT13,MICROCONTROLLER,125.34,10.681,10.835,11.114,11.436,5.382,5.589,5.783,6.191,10.724,10.778,10.839,10.888,50.0,50.0,30.0
IC00100,LOT20,CMOS_LOGIC,127.37,10.073,10.223,10.413,10.746,5.027,5.121,5.366,5.714,10.205,10.232,10.314,10.486,50.0,50.0,30.0
IC01230,LOT10,CMOS_LOGIC,125.22,9.794,10.07,10.185,10.641,5.224,5.434,5.617,5.889,10.587,10.687,10.8,10.827,50.0,50.0,30.0
IC01793,LOT13,MICROCONTROLLER,127.11,10.266,10.42,10.733,11.282,4.644,4.904,5.098,5.285,10.401,10.373,10.436,10.491,50.0,50.0,30.0
IC00894,LOT14,CMOS_LOGIC,122.38,9.512,9.812,9.871,10.247,4.205,4.453,4.588,4.822,9.827,9.857,9.906,9.962,50.0,50.0,30.0
IC00857,LOT17,CMOS_LOGIC,120.48,10.082,10.358,10.718,10.945,4.249,4.499,4.689,4.975,9.853,9.886,9.93,9.943,50.0,50.0,30.0
IC00054,LOT14,SRAM,124.3,9.598,9.787,9.875,10.058,4.611,4.824,4.958,5.419,9.045,9.115,9.202,9.259,50.0,50.0,30.0
IC00032,LOT12,SRAM,127.12,9.985,10.309,10.298,10.54,5.662,5.892,6.16,6.437,10.791,10.84,10.952,11.038,50.0,50.0,30.0
IC01937,LOT17,CMOS_LOGIC,121.28,8.745,12.282,19.721,28.811,5.1,7.329,12.594,18.7,10.054,10.89,13.885,16.706,50.0,50.0,30.0
IC00684,LOT04,CMOS_LOGIC,125.72,10.22,10.794,10.956,11.143,5.047,5.14,5.426,5.619,10.307,10.323,10.413,10.528,50.0,50.0,30.0
IC01016,LOT16,MICROCONTROLLER,128.73,9.495,9.779,10.151,10.558,4.958,5.134,5.368,5.655,10.31,10.331,10.428,10.565,50.0,50.0,30.0
IC00906,LOT06,SRAM,124.33,8.951,9.131,9.288,9.65,4.669,4.875,5.032,5.175,9.591,9.773,9.884,9.971,50.0,50.0,30.0
IC01865,LOT05,SRAM,127.75,9.665,9.996,10.278,10.526,5.104,5.228,5.514,5.707,9.547,9.591,9.657,9.78,50.0,50.0,30.0
IC00560,LOT20,MIXED_SIGNAL_IC,125.59,9.619,10.126,10.572,10.642,4.71,4.895,5.082,5.345,9.834,9.868,9.953,10.06,50.0,50.0,30.0
IC00876,LOT16,MIXED_SIGNAL_IC,124.57,9.591,10.025,10.347,10.491,4.462,4.585,4.717,4.977,10.274,10.287,10.34,10.395,50.0,50.0,30.0
IC00838,LOT18,MIXED_SIGNAL_IC,124.92,10.142,13.724,19.026,27.369,5.152,6.958,10.519,15.557,9.721,10.517,11.964,14.366,50.0,50.0,30.0
IC00555,LOT15,CMOS_LOGIC,128.7,9.586,11.858,17.806,29.686,4.769,7.226,11.859,18.386,9.795,10.595,12.344,14.985,50.0,50.0,30.0
IC00740,LOT20,CMOS_LOGIC,126.39,10.845,11.216,11.331,11.517,4.998,5.156,5.479,5.774,9.738,9.812,9.849,9.97,50.0,50.0,30.0
IC00695,LOT15,MICROCONTROLLER,124.4,9.051,9.371,9.52,9.86,4.883,5.048,5.143,5.392,9.451,9.526,9.59,9.568,50.0,50.0,30.0
IC00930,LOT10,CMOS_LOGIC,126.07,10.59,11.114,11.288,11.673,5.726,5.956,6.093,6.304,10.687,10.807,10.848,10.881,50.0,50.0,30.0
IC00913,LOT13,SRAM,123.35,10.221,10.542,10.735,10.903,5.458,5.583,5.753,6.071,10.579,10.563,10.702,10.878,50.0,50.0,30.0
IC01641,LOT01,MICROCONTROLLER,123.57,9.631,10.073,10.316,10.635,5.005,5.048,5.17,5.493,9.967,9.974,9.987,10.125,50.0,50.0,30.0
IC00220,LOT20,CMOS_LOGIC,124.82,9.996,10.266,10.66,10.977,4.963,4.995,5.117,5.352,9.738,9.801,9.878,10.039,50.0,50.0,30.0
IC01782,LOT02,MIXED_SIGNAL_IC,123.7,10.661,11.009,11.139,11.509,5.635,5.833,5.983,6.118,10.628,10.66,10.7,10.83,50.0,50.0,30.0
IC00974,LOT14,MIXED_SIGNAL_IC,120.82,10.162,10.708,11.096,11.417,4.801,4.963,5.264,5.56,9.276,9.389,9.381,9.504,50.0,50.0,30.0
IC00942,LOT02,MICROCONTROLLER,122.1,10.527,10.706,10.734,10.964,5.368,5.604,5.7,6.013,10.314,10.399,10.577,10.729,50.0,50.0,30.0
IC00738,LOT18,MIXED_SIGNAL_IC,124.5,10.147,10.509,10.886,11.093,5.045,5.163,5.495,5.733,10.194,10.252,10.33,10.389,50.0,50.0,30.0
IC00556,LOT16,CMOS_LOGIC,125.04,9.631,10.026,10.472,10.513,4.621,4.733,5.024,5.162,9.729,9.811,9.937,10.035,50.0,50.0,30.0
IC00138,LOT18,MIXED_SIGNAL_IC,122.6,9.743,9.975,10.042,10.371,4.654,4.82,5.144,5.365,9.933,9.994,10.047,10.191,50.0,50.0,30.0
IC00531,LOT11,CMOS_LOGIC,123.99,9.249,11.927,17.209,28.109,4.724,6.804,10.133,18.302,9.531,10.231,12.807,16.156,50.0,50.0,30.0
IC01005,LOT05,MICROCONTROLLER,126.39,8.916,9.251,9.527,9.656,4.675,4.902,4.968,5.344,9.016,9.12,9.213,9.358,50.0,50.0,30.0
IC01476,LOT16,SRAM,123.51,9.346,9.757,10.019,10.287,4.499,4.654,4.868,5.067,9.625,9.626,9.624,9.787,50.0,50.0,30.0
IC00938,LOT18,CMOS_LOGIC,124.88,9.913,13.043,18.067,27.144,5.026,6.063,11.704,17.432,10.417,11.526,13.884,16.457,50.0,50.0,30.0
IC01352,LOT12,MIXED_SIGNAL_IC,122.84,10.542,10.879,11.497,58.536,5.036,5.234,5.309,59.647,10.713,10.842,11.046,41.583,50.0,50.0,30.0
IC00509,LOT09,SRAM,124.85,10.51,10.619,10.96,11.383,5.224,5.413,5.619,5.789,10.63,10.736,10.817,10.872,50.0,50.0,30.0
IC00446,LOT06,CMOS_LOGIC,122.83,9.237,9.681,9.927,10.216,4.622,4.884,5.121,5.345,9.817,9.81,9.905,10.047,50.0,50.0,30.0
IC00335,LOT15,MICROCONTROLLER,123.42,9.6,9.978,10.265,10.492,4.955,5.042,5.177,5.451,9.364,9.412,9.543,9.682,50.0,50.0,30.0
IC00761,LOT01,MIXED_SIGNAL_IC,124.64,9.369,9.668,10.153,10.372,4.696,4.891,5.118,5.361,10.02,10.052,10.156,10.284,50.0,50.0,30.0
IC01941,LOT01,SRAM,122.67,9.13,9.319,10.026,69.828,5.106,5.302,5.617,51.545,10.344,10.477,10.613,37.082,50.0,50.0,30.0
IC00966,LOT06,MICROCONTROLLER,126.96,9.314,9.866,10.208,10.603,4.504,4.664,4.827,5.138,9.87,9.859,9.923,9.934,50.0,50.0,30.0
IC01396,LOT16,CMOS_LOGIC,124.1,10.007,10.451,11.108,51.119,4.864,5.041,5.166,59.667,8.908,9.071,9.148,42.132,50.0,50.0,30.0
IC01070,LOT10,SRAM,120.71,10.207,10.457,10.61,10.958,5.032,5.207,5.366,5.552,10.76,10.867,10.93,10.958,50.0,50.0,30.0
IC00182,LOT02,MICROCONTROLLER,124.15,9.394,9.602,10.095,10.51,5.412,5.496,5.755,6.104,10.668,10.723,10.817,10.934,50.0,50.0,30.0
IC01436,LOT16,SRAM,122.36,9.519,9.712,10.02,10.162,4.646,4.747,4.93,5.319,9.494,9.575,9.698,9.869,50.0,50.0,30.0
IC00276,LOT16,CMOS_LOGIC,120.31,9.162,9.533,9.696,9.973,4.622,4.745,4.89,5.14,8.86,8.902,8.967,9.03,50.0,50.0,30.0
IC00829,LOT09,MICROCONTROLLER,126.99,9.955,10.326,10.602,10.974,4.641,4.765,4.852,5.236,9.956,10.049,10.128,10.186,50.0,50.0,30.0
IC01450,LOT10,CMOS_LOGIC,128.57,10.294,10.547,10.844,11.106,5.342,5.354,5.551,5.702,10.912,11.013,11.144,11.203,50.0,50.0,30.0
IC01246,LOT06,CMOS_LOGIC,127.45,10.19,10.998,11.331,52.522,4.597,4.924,5.534,55.048,9.375,9.396,9.506,43.037,50.0,50.0,30.0
IC00692,LOT12,SRAM,125.97,10.6,10.884,11.228,51.628,5.023,5.303,5.599,60.258,11.167,11.256,11.454,38.846,50.0,50.0,30.0
IC01491,LOT11,SRAM,123.34,8.032,11.015,16.816,28.445,4.806,6.596,11.935,17.722,9.246,10.199,12.087,14.917,50.0,50.0,30.0
IC00627,LOT07,MICROCONTROLLER,125.64,8.096,8.354,8.632,9.022,4.365,4.579,4.84,5.162,8.488,8.48,8.554,8.683,50.0,50.0,30.0
IC00484,LOT04,MIXED_SIGNAL_IC,124.55,9.359,11.933,18.007,30.313,4.97,6.075,11.447,17.311,9.583,10.324,11.635,14.31,50.0,50.0,30.0
IC01013,LOT13,MIXED_SIGNAL_IC,127.82,10.642,10.906,11.131,11.337,5.026,5.074,5.362,5.694,10.544,10.629,10.724,10.833,50.0,50.0,30.0
IC01291,LOT11,SRAM,123.38,8.835,12.565,18.564,26.987,4.529,6.76,12.46,18.934,9.301,9.864,11.436,15.364,50.0,50.0,30.0
IC00230,LOT10,CMOS_LOGIC,122.78,10.512,10.919,11.277,11.78,5.019,5.267,5.531,5.643,10.079,10.202,10.319,10.38,50.0,50.0,30.0
IC01671,LOT11,SRAM,130.18,9.001,9.358,9.546,9.706,4.755,4.901,5.128,5.391,9.38,9.395,9.481,9.615,50.0,50.0,30.0
IC00383,LOT03,MIXED_SIGNAL_IC,126.83,10.823,10.994,11.503,11.941,4.78,4.889,4.981,5.247,10.367,10.46,10.471,10.524,50.0,50.0,30.0
IC00019,LOT19,MIXED_SIGNAL_IC,122.63,9.898,10.165,10.342,10.576,4.732,4.948,5.296,5.506,9.707,9.744,9.845,10.104,50.0,50.0,30.0
IC01646,LOT06,CMOS_LOGIC,124.4,9.37,9.867,10.146,10.472,4.297,4.43,4.626,4.842,9.079,9.15,9.234,9.275,50.0,50.0,30.0
IC00397,LOT17,SRAM,124.98,9.421,9.975,10.175,10.553,5.032,5.192,5.574,5.843,9.445,9.474,9.58,9.711,50.0,50.0,30.0
IC00423,LOT03,MIXED_SIGNAL_IC,125.81,9.986,13.193,20.208,32.543,5.339,7.768,12.185,19.717,10.088,11.268,12.965,16.946,50.0,50.0,30.0
IC00725,LOT05,CMOS_LOGIC,122.67,9.33,10.2,10.818,52.533,4.398,4.682,4.852,64.141,9.141,9.179,9.327,44.805,50.0,50.0,30.0
IC00183,LOT03,MICROCONTROLLER,124.22,10.026,10.276,10.222,10.518,5.514,5.652,5.789,5.985,10.355,10.404,10.46,10.589,50.0,50.0,30.0
IC01276,LOT16,MICROCONTROLLER,123.89,9.762,10.007,10.208,10.699,4.701,4.841,5.066,5.359,9.755,9.798,9.906,10.055,50.0,50.0,30.0
IC00248,LOT08,MICROCONTROLLER,123.76,11.337,11.76,12.031,12.17,5.766,5.892,6.101,6.314,10.591,10.632,10.709,10.805,50.0,50.0,30.0
IC00511,LOT11,MICROCONTROLLER,131.19,8.693,8.88,8.966,9.281,4.57,4.736,4.983,5.098,9.35,9.435,9.551,9.672,50.0,50.0,30.0
IC01681,LOT01,CMOS_LOGIC,121.91,8.878,9.248,9.277,9.541,4.812,4.94,5.239,5.446,9.633,9.67,9.78,9.906,50.0,50.0,30.0
IC00581,LOT01,CMOS_LOGIC,123.83,10.246,10.609,10.856,11.374,4.755,4.91,5.074,5.334,10.206,10.234,10.329,10.495,50.0,50.0,30.0
IC01613,LOT13,CMOS_LOGIC,124.22,10.023,10.264,10.534,10.833,5.401,5.549,5.673,6.021,10.205,10.304,10.433,10.5,50.0,50.0,30.0
IC01685,LOT05,MIXED_SIGNAL_IC,125.83,9.441,9.781,9.899,10.416,4.551,4.576,4.785,5.047,9.547,9.608,9.723,9.67,50.0,50.0,30.0
IC01213,LOT13,SRAM,125.49,10.87,14.099,19.491,31.967,5.107,6.974,12.271,18.689,10.73,11.84,14.021,17.074,50.0,50.0,30.0
IC01323,LOT03,SRAM,125.97,11.119,11.731,12.047,12.603,4.87,5.062,5.28,5.56,10.737,10.78,10.851,10.925,50.0,50.0,30.0
IC00307,LOT07,CMOS_LOGIC,125.17,9.967,10.213,10.625,10.915,5.164,5.17,5.37,5.6,9.414,9.528,9.572,9.656,50.0,50.0,30.0
IC00975,LOT15,MICROCONTROLLER,123.97,10.105,12.932,20.202,30.919,4.551,6.428,9.942,18.435,9.51,10.111,11.338,14.9,50.0,50.0,30.0
IC01895,LOT15,MICROCONTROLLER,124.74,8.58,8.947,9.26,9.726,4.832,5.045,5.146,5.248,9.277,9.319,9.429,9.561,50.0,50.0,30.0
IC00961,LOT01,SRAM,123.99,9.537,10.079,10.332,10.61,4.895,5.068,5.294,5.475,9.278,9.38,9.467,9.632,50.0,50.0,30.0
IC00170,LOT10,SRAM,128.03,10.169,10.29,10.462,10.752,4.746,4.809,4.945,5.115,10.118,10.176,10.259,10.323,50.0,50.0,30.0
IC00381,LOT01,CMOS_LOGIC,122.75,9.631,9.985,10.315,10.594,4.995,5.205,5.364,5.641,10.118,10.271,10.373,10.451,50.0,50.0,30.0
IC01776,LOT16,MIXED_SIGNAL_IC,128.02,9.052,9.103,9.447,9.704,4.708,4.845,5.063,5.334,9.88,9.901,10.006,9.99,50.0,50.0,30.0
IC01201,LOT01,MICROCONTROLLER,124.16,10.076,12.605,18.229,30.577,5.4,6.565,12.274,20.179,9.584,10.686,13.179,15.883,50.0,50.0,30.0
IC00596,LOT16,SRAM,126.66,9.9,10.024,10.367,51.806,4.809,4.937,5.507,52.614,9.359,9.531,9.786,46.509,50.0,50.0,30.0
IC01873,LOT13,MICROCONTROLLER,124.07,11.234,11.647,12.007,12.139,5.072,5.281,5.447,5.69,10.799,10.844,10.9,10.985,50.0,50.0,30.0
IC00286,LOT06,MIXED_SIGNAL_IC,122.18,9.381,9.478,9.671,9.734,5.121,5.316,5.371,5.623,9.09,9.056,9.124,9.306,50.0,50.0,30.0
IC01922,LOT02,SRAM,125.49,11.226,11.517,11.566,11.831,5.326,5.579,5.767,5.934,10.66,10.73,10.783,10.88,50.0,50.0,30.0
IC00937,LOT17,MIXED_SIGNAL_IC,123.35,9.753,10.139,10.669,10.914,4.729,4.941,5.161,5.365,9.768,9.797,9.896,9.981,50.0,50.0,30.0
IC00233,LOT13,MIXED_SIGNAL_IC,126.76,10.941,11.397,12.118,61.624,4.881,5.148,5.367,52.042,10.931,11.019,11.263,36.917,50.0,50.0,30.0
IC00658,LOT18,SRAM,120.72,9.781,9.96,10.026,10.51,5.086,5.321,5.347,5.56,9.987,10.104,10.165,10.24,50.0,50.0,30.0
IC00062,LOT02,CMOS_LOGIC,123.68,10.485,10.911,11.202,11.457,5.019,5.127,5.278,5.716,10.962,11.049,11.096,11.204,50.0,50.0,30.0
IC01284,LOT04,CMOS_LOGIC,125.03,10.536,10.998,11.435,11.597,4.858,5.023,5.193,5.387,9.984,10.046,10.171,10.294,50.0,50.0,30.0
IC01482,LOT02,MIXED_SIGNAL_IC,124.45,11.215,13.733,19.455,28.435,5.327,7.689,13.948,19.207,10.74,11.655,13.871,16.847,50.0,50.0,30.0
IC01838,LOT18,CMOS_LOGIC,122.82,10.251,10.531,10.552,10.973,5.256,5.486,5.612,5.992,9.724,9.765,9.802,9.886,50.0,50.0,30.0
IC01145,LOT05,SRAM,121.96,9.437,12.34,21.102,33.01,4.453,5.651,11.624,21.311,8.926,9.62,11.42,13.736,50.0,50.0,30.0
IC00257,LOT17,MIXED_SIGNAL_IC,127.46,9.06,9.237,9.378,9.757,4.79,4.824,5.094,5.444,10.051,10.108,10.194,10.252,50.0,50.0,30.0
IC01333,LOT13,SRAM,124.91,10.008,10.41,10.713,10.924,5.312,5.477,5.684,5.801,10.506,10.54,10.622,10.716,50.0,50.0,30.0
IC00279,LOT19,CMOS_LOGIC,123.79,9.068,9.423,9.831,10.198,5.135,5.164,5.338,5.584,10.07,10.114,10.169,10.217,50.0,50.0,30.0
IC01087,LOT07,MICROCONTROLLER,127.57,9.557,10.128,10.569,51.711,5.023,5.146,5.308,71.652,9.46,9.603,9.796,35.953,50.0,50.0,30.0
IC01470,LOT10,MIXED_SIGNAL_IC,122.64,10.187,10.393,10.596,10.975,4.952,5.088,5.26,5.485,10.514,10.537,10.635,10.737,50.0,50.0,30.0
IC01298,LOT18,MIXED_SIGNAL_IC,124.99,10.76,11.129,11.547,12.0,5.67,5.85,6.04,6.331,10.09,10.108,10.194,10.238,50.0,50.0,30.0
IC00842,LOT02,MIXED_SIGNAL_IC,123.59,10.856,10.949,11.271,11.61,5.197,5.369,5.647,5.903,11.011,10.963,11.061,11.177,50.0,50.0,30.0
IC00016,LOT16,MICROCONTROLLER,125.39,9.753,10.131,10.343,10.734,5.024,5.128,5.311,5.522,9.826,9.879,10.052,10.058,50.0,50.0,30.0
IC01679,LOT19,CMOS_LOGIC,126.0,9.56,9.868,10.288,10.563,5.082,5.273,5.558,5.822,9.314,9.378,9.482,9.561,50.0,50.0,30.0
IC00879,LOT19,CMOS_LOGIC,126.65,9.538,10.121,10.476,10.739,5.289,5.437,5.566,5.845,9.946,9.983,10.092,10.125,50.0,50.0,30.0
IC01551,LOT11,MIXED_SIGNAL_IC,122.01,9.125,11.259,16.894,29.713,4.795,6.179,10.524,18.069,9.407,10.592,13.034,16.608,50.0,50.0,30.0
IC01853,LOT13,CMOS_LOGIC,126.01,10.84,11.181,11.781,62.411,5.736,6.068,6.4,67.386,10.482,10.553,10.83,38.245,50.0,50.0,30.0
IC01345,LOT05,MICROCONTROLLER,122.5,9.358,9.751,10.226,50.482,4.544,5.076,5.294,51.331,9.175,9.308,9.467,41.938,50.0,50.0,30.0
IC00844,LOT04,CMOS_LOGIC,126.96,9.865,10.353,10.68,11.065,4.799,5.002,5.231,5.491,10.136,10.212,10.27,10.3,50.0,50.0,30.0
IC01502,LOT02,MIXED_SIGNAL_IC,123.52,9.888,10.087,10.13,10.341,5.229,5.345,5.413,5.749,10.791,10.903,10.984,11.121,50.0,50.0,30.0
IC00884,LOT04,MIXED_SIGNAL_IC,127.67,9.908,10.121,10.553,10.936,5.125,5.23,5.438,5.5,10.032,10.029,10.079,10.14,50.0,50.0,30.0
IC00960,LOT20,SRAM,125.12,9.819,10.065,10.343,10.853,4.475,4.734,4.938,5.256,9.712,9.77,9.807,9.908,50.0,50.0,30.0
IC00641,LOT01,MICROCONTROLLER,121.29,10.035,10.405,10.269,10.6,4.56,4.728,4.849,5.125,9.579,9.636,9.718,9.877,50.0,50.0,30.0
IC00773,LOT13,SRAM,124.54,10.575,10.832,10.764,11.105,5.232,5.425,5.561,5.748,10.085,10.146,10.23,10.369,50.0,50.0,30.0
IC01768,LOT08,MIXED_SIGNAL_IC,125.03,10.439,10.931,11.466,52.034,5.293,5.591,5.835,59.318,10.586,10.617,10.818,41.708,50.0,50.0,30.0
IC00918,LOT18,MIXED_SIGNAL_IC,125.49,10.133,10.493,10.607,10.931,5.112,5.269,5.485,5.741,10.114,10.113,10.14,10.129,50.0,50.0,30.0
IC00098,LOT18,CMOS_LOGIC,123.25,8.948,9.175,9.645,10.026,4.818,4.939,5.29,5.491,10.332,10.412,10.504,10.669,50.0,50.0,30.0
IC00915,LOT15,SRAM,125.09,9.133,12.949,20.81,32.289,5.255,7.134,12.35,21.368,9.811,10.996,13.628,17.396,50.0,50.0,30.0
IC01287,LOT07,MIXED_SIGNAL_IC,124.15,8.674,8.972,9.306,9.601,5.211,5.3,5.43,5.744,9.148,9.21,9.323,9.453,50.0,50.0,30.0
IC01158,LOT18,MICROCONTROLLER,126.23,9.826,9.98,10.294,10.594,5.108,5.263,5.461,5.639,9.961,10.075,10.165,10.252,50.0,50.0,30.0
IC01559,LOT19,MICROCONTROLLER,126.13,10.354,10.805,11.098,11.573,5.353,5.472,5.77,5.88,9.601,9.636,9.727,9.859,50.0,50.0,30.0
IC01901,LOT01,MIXED_SIGNAL_IC,125.75,9.843,10.17,10.197,10.641,5.229,5.451,5.677,5.715,8.593,8.643,8.678,8.785,50.0,50.0,30.0
IC00155,LOT15,MICROCONTROLLER,125.33,9.34,9.437,9.601,9.817,4.751,4.976,5.222,5.486,9.761,9.822,9.965,10.056,50.0,50.0,30.0
IC01227,LOT07,SRAM,122.81,10.026,10.262,10.667,10.98,4.87,4.981,5.139,5.442,9.278,9.366,9.471,9.604,50.0,50.0,30.0
IC00733,LOT13,MICROCONTROLLER,125.91,10.464,10.855,11.072,11.33,5.26,5.367,5.584,5.953,10.304,10.354,10.445,10.642,50.0,50.0,30.0
IC00605,LOT05,MICROCONTROLLER,124.52,9.071,9.331,9.528,9.854,4.606,4.767,4.925,5.207,9.71,9.753,9.81,9.885,50.0,50.0,30.0
IC00888,LOT08,CMOS_LOGIC,123.42,9.954,10.205,10.499,10.732,4.891,4.968,5.167,5.332,10.448,10.518,10.531,10.523,50.0,50.0,30.0
IC00135,LOT15,MIXED_SIGNAL_IC,125.56,9.524,9.65,9.799,10.046,4.856,4.94,5.137,5.354,8.924,9.017,9.078,9.063,50.0,50.0,30.0
IC01810,LOT10,CMOS_LOGIC,120.23,10.573,10.891,11.238,11.711,4.993,5.176,5.457,5.746,9.469,9.48,9.529,9.514,50.0,50.0,30.0
IC00929,LOT09,CMOS_LOGIC,125.2,10.58,13.686,20.989,30.06,4.9,6.607,11.215,19.329,10.213,10.895,13.142,15.745,50.0,50.0,30.0
IC01004,LOT04,CMOS_LOGIC,129.53,10.107,10.496,10.612,10.795,5.339,5.478,5.613,5.92,10.141,10.173,10.209,10.249,50.0,50.0,30.0
IC00460,LOT20,MICROCONTROLLER,126.86,9.898,10.375,10.684,10.956,4.703,4.785,4.928,5.282,9.3,9.356,9.414,9.539,50.0,50.0,30.0
IC01274,LOT14,MICROCONTROLLER,125.01,10.273,10.654,10.819,11.077,4.095,4.265,4.462,4.848,9.689,9.743,9.857,9.98,50.0,50.0,30.0
IC01711,LOT11,CMOS_LOGIC,127.4,9.226,9.325,9.571,9.87,4.394,4.58,4.745,4.974,9.178,9.253,9.342,9.462,50.0,50.0,30.0
IC00639,LOT19,MIXED_SIGNAL_IC,126.65,9.758,9.997,10.152,10.251,5.136,5.238,5.415,5.558,10.263,10.349,10.439,10.533,50.0,50.0,30.0
IC01115,LOT15,CMOS_LOGIC,129.93,9.428,9.59,9.753,9.896,5.273,5.481,5.677,5.848,9.951,10.064,10.164,10.273,50.0,50.0,30.0
IC00470,LOT10,CMOS_LOGIC,124.72,10.378,13.867,21.344,33.36,5.133,6.78,12.531,19.843,10.723,11.882,13.957,17.114,50.0,50.0,30.0
IC01531,LOT11,MIXED_SIGNAL_IC,123.63,9.449,9.784,10.032,10.197,5.033,5.174,5.437,5.745,9.681,9.713,9.825,9.983,50.0,50.0,30.0
IC01626,LOT06,MIXED_SIGNAL_IC,127.04,9.715,12.109,18.868,30.615,4.888,6.848,11.304,19.697,9.717,10.601,12.298,15.913,50.0,50.0,30.0
IC00781,LOT01,MIXED_SIGNAL_IC,123.97,10.066,10.451,10.482,11.039,4.796,4.961,5.053,5.315,9.759,9.773,9.814,9.861,50.0,50.0,30.0
IC01168,LOT08,CMOS_LOGIC,123.12,10.675,11.19,11.393,11.789,5.318,5.533,5.733,5.894,10.199,10.222,10.329,10.455,50.0,50.0,30.0
IC00880,LOT20,MICROCONTROLLER,126.01,9.998,10.179,10.329,10.571,5.074,5.254,5.507,5.699,9.65,9.732,9.776,9.845,50.0,50.0,30.0
IC00501,LOT01,CMOS_LOGIC,127.02,10.505,10.819,11.167,11.516,4.873,4.995,5.049,5.353,9.815,9.788,9.813,9.893,50.0,50.0,30.0
IC01548,LOT08,MIXED_SIGNAL_IC,125.98,11.457,11.736,12.332,69.091,5.653,5.747,6.132,53.719,9.917,10.001,10.187,40.696,50.0,50.0,30.0
IC00968,LOT08,CMOS_LOGIC,124.41,10.044,10.383,10.801,11.03,5.037,5.284,5.427,5.658,10.589,10.71,10.906,11.09,50.0,50.0,30.0
IC00806,LOT06,MICROCONTROLLER,123.47,9.083,9.472,9.833,10.274,4.512,4.772,4.848,4.999,10.032,10.05,10.112,10.197,50.0,50.0,30.0
IC00833,LOT13,MICROCONTROLLER,126.6,10.493,10.951,11.2,11.563,5.092,5.275,5.44,5.735,10.862,10.821,10.794,10.878,50.0,50.0,30.0
IC00721,LOT01,CMOS_LOGIC,124.38,9.581,9.774,10.211,10.403,4.798,4.91,5.234,5.501,9.878,10.006,10.077,10.303,50.0,50.0,30.0
IC00217,LOT17,CMOS_LOGIC,122.81,9.247,9.46,9.619,10.105,4.432,4.587,4.792,5.027,9.969,9.97,10.077,10.197,50.0,50.0,30.0
IC01691,LOT11,MICROCONTROLLER,128.32,9.779,10.153,10.568,10.986,4.211,4.43,4.588,4.721,9.536,9.593,9.691,9.841,50.0,50.0,30.0
IC00972,LOT12,SRAM,126.2,11.162,11.562,11.784,12.017,5.784,5.882,5.949,6.242,10.567,10.607,10.577,10.681,50.0,50.0,30.0
IC01134,LOT14,SRAM,125.3,9.718,10.182,10.408,10.85,4.446,4.587,4.719,4.945,9.281,9.293,9.35,9.46,50.0,50.0,30.0
IC00148,LOT08,MIXED_SIGNAL_IC,123.89,10.246,10.69,10.924,11.17,5.186,5.336,5.578,5.713,10.766,10.724,10.782,10.821,50.0,50.0,30.0
IC01831,LOT11,MIXED_SIGNAL_IC,122.56,8.214,8.789,9.048,50.368,4.406,4.651,5.022,60.141,8.815,8.938,9.156,39.454,50.0,50.0,30.0
IC00179,LOT19,CMOS_LOGIC,123.98,8.931,9.139,9.567,9.535,4.354,4.479,4.722,5.005,9.483,9.592,9.678,9.797,50.0,50.0,30.0
IC00097,LOT17,CMOS_LOGIC,122.76,9.78,10.028,10.376,10.519,5.058,5.104,5.303,5.522,9.559,9.631,9.755,9.881,50.0,50.0,30.0
IC00595,LOT15,MICROCONTROLLER,121.19,9.604,9.963,10.23,10.604,4.232,4.389,4.58,4.817,9.224,9.317,9.425,9.545,50.0,50.0,30.0
IC00275,LOT15,SRAM,124.38,9.801,10.305,11.126,64.253,5.188,5.401,5.688,61.813,9.513,9.544,9.771,41.197,50.0,50.0,30.0
IC00722,LOT02,CMOS_LOGIC,129.07,10.787,11.053,11.318,11.672,5.265,5.441,5.588,5.749,10.93,11.08,11.141,11.276,50.0,50.0,30.0
IC00206,LOT06,MIXED_SIGNAL_IC,122.75,9.09,9.329,9.723,9.996,4.683,4.739,4.918,5.188,9.383,9.397,9.445,9.517,50.0,50.0,30.0
IC00559,LOT19,MIXED_SIGNAL_IC,123.13,9.621,10.021,10.431,10.706,5.13,5.276,5.544,5.733,9.121,9.198,9.241,9.28,50.0,50.0,30.0
IC00940,LOT20,MICROCONTROLLER,125.07,9.275,12.364,19.33,30.918,4.637,6.112,11.849,17.726,9.888,10.936,13.331,17.039,50.0,50.0,30.0
IC00668,LOT08,MICROCONTROLLER,127.78,10.601,10.925,11.07,11.346,5.369,5.528,5.793,6.061,11.014,11.041,11.16,11.279,50.0,50.0,30.0
IC01932,LOT12,MIXED_SIGNAL_IC,129.1,10.452,10.607,11.072,11.575,5.506,5.658,5.81,6.009,11.344,11.402,11.557,11.652,50.0,50.0,30.0
IC01461,LOT01,SRAM,126.2,9.487,9.673,9.858,10.171,4.864,5.045,5.144,5.448,10.027,10.094,10.14,10.353,50.0,50.0,30.0
IC01241,LOT01,CMOS_LOGIC,123.63,10.028,10.123,10.387,10.715,4.926,5.066,5.224,5.511,9.976,10.031,10.109,10.192,50.0,50.0,30.0
IC00482,LOT02,SRAM,123.34,10.457,13.629,21.326,33.347,5.604,7.593,11.986,19.554,10.62,11.682,13.554,16.525,50.0,50.0,30.0
IC00698,LOT18,CMOS_LOGIC,125.44,10.117,10.215,10.48,10.635,5.066,5.262,5.403,5.455,10.481,10.562,10.631,10.749,50.0,50.0,30.0
IC00525,LOT05,MICROCONTROLLER,127.62,9.572,10.141,10.321,10.918,5.066,5.15,5.486,5.685,10.085,10.133,10.213,10.27,50.0,50.0,30.0
IC00977,LOT17,MIXED_SIGNAL_IC,121.58,10.083,10.252,10.56,10.594,4.711,4.97,5.038,5.097,10.494,10.548,10.632,10.803,50.0,50.0,30.0
IC00804,LOT04,CMOS_LOGIC,123.89,9.852,10.264,10.534,11.004,5.42,5.631,5.79,6.197,10.094,10.126,10.214,10.333,50.0,50.0,30.0
IC00046,LOT06,SRAM,130.08,9.869,10.047,10.099,10.498,4.783,4.937,5.047,5.193,9.497,9.534,9.681,9.768,50.0,50.0,30.0
IC01159,LOT19,SRAM,123.89,10.361,13.004,19.032,30.067,5.075,7.302,10.629,17.008,9.256,9.9,12.537,16.87,50.0,50.0,30.0
IC01150,LOT10,MICROCONTROLLER,121.96,9.785,10.165,10.34,10.673,4.853,5.005,5.123,5.379,9.813,9.872,9.995,10.169,50.0,50.0,30.0
IC00691,LOT11,CMOS_LOGIC,124.24,8.565,8.921,9.107,9.515,4.432,4.696,4.92,5.144,9.175,9.243,9.37,9.478,50.0,50.0,30.0
IC01176,LOT16,CMOS_LOGIC,126.78,8.925,9.265,9.424,9.59,4.855,4.976,5.169,5.514,9.61,9.733,9.869,10.012,50.0,50.0,30.0
IC01777,LOT17,MICROCONTROLLER,126.45,9.712,10.019,10.31,10.68,4.622,4.712,4.9,5.129,9.616,9.744,9.834,9.968,50.0,50.0,30.0
IC01161,LOT01,SRAM,124.54,9.738,10.248,10.651,10.91,4.825,5.019,5.266,5.486,9.838,9.887,9.988,10.052,50.0,50.0,30.0
IC01195,LOT15,MIXED_SIGNAL_IC,123.32,9.014,9.44,9.586,9.898,4.763,4.886,5.076,5.398,9.779,9.827,9.933,10.067,50.0,50.0,30.0
IC00754,LOT14,SRAM,121.93,8.887,9.22,9.438,9.726,4.949,5.181,5.35,5.649,8.923,8.975,9.049,9.264,50.0,50.0,30.0
IC01533,LOT13,MICROCONTROLLER,124.68,9.311,9.586,9.71,9.994,5.551,5.668,5.841,6.134,9.848,9.907,10.027,10.148,50.0,50.0,30.0
IC00521,LOT01,CMOS_LOGIC,121.67,10.053,10.417,10.932,11.046,5.021,5.123,5.309,5.663,9.441,9.633,9.723,9.742,50.0,50.0,30.0
IC00289,LOT09,SRAM,123.37,10.417,10.498,10.802,11.206,5.741,5.836,5.991,6.181,10.147,10.176,10.249,10.306,50.0,50.0,30.0
IC01401,LOT01,MIXED_SIGNAL_IC,124.29,9.483,9.862,9.942,10.31,4.936,4.975,5.103,5.42,9.205,9.318,9.289,9.335,50.0,50.0,30.0
IC01208,LOT08,MICROCONTROLLER,126.76,11.181,11.5,11.729,12.094,5.255,5.385,5.66,6.01,10.889,10.917,10.991,11.072,50.0,50.0,30.0
IC01003,LOT03,SRAM,122.99,9.696,10.033,10.542,10.828,5.198,5.283,5.5,5.788,9.965,9.977,9.988,10.042,50.0,50.0,30.0
IC00982,LOT02,CMOS_LOGIC,125.76,10.658,11.053,11.384,58.123,5.264,5.369,5.874,73.352,10.787,10.982,11.21,48.447,50.0,50.0,30.0
IC01377,LOT17,MICROCONTROLLER,125.99,8.994,9.27,9.651,10.021,4.685,4.961,5.262,5.529,10.208,10.27,10.377,10.612,50.0,50.0,30.0
IC00367,LOT07,SRAM,126.63,8.906,9.316,9.575,9.736,4.185,4.341,4.572,4.829,9.286,9.325,9.425,9.438,50.0,50.0,30.0
IC01773,LOT13,MIXED_SIGNAL_IC,123.74,11.125,11.259,11.421,11.853,4.692,4.866,5.09,5.34,10.47,10.576,10.631,10.739,50.0,50.0,30.0
IC01694,LOT14,MIXED_SIGNAL_IC,124.32,9.632,9.884,10.233,10.367,5.081,5.21,5.341,5.581,9.572,9.672,9.778,9.784,50.0,50.0,30.0
IC00068,LOT08,MICROCONTROLLER,128.1,10.601,11.074,11.314,11.748,5.453,5.623,5.855,6.151,10.248,10.316,10.421,10.588,50.0,50.0,30.0
IC00061,LOT01,MIXED_SIGNAL_IC,123.35,10.099,13.774,19.697,31.85,4.918,6.098,9.263,16.183,9.684,10.209,13.133,17.198,50.0,50.0,30.0
IC01378,LOT18,SRAM,125.14,9.899,10.284,10.544,10.879,4.931,5.02,5.268,5.543,9.787,9.866,9.96,10.074,50.0,50.0,30.0
IC01234,LOT14,MIXED_SIGNAL_IC,129.28,10.094,10.489,10.765,10.92,5.123,5.291,5.509,5.806,9.768,9.813,9.863,9.996,50.0,50.0,30.0
IC00143,LOT03,MICROCONTROLLER,124.05,10.624,10.792,11.118,11.385,5.282,5.493,5.638,5.85,10.059,10.155,10.246,10.272,50.0,50.0,30.0
IC00251,LOT11,CMOS_LOGIC,127.73,9.647,9.854,10.272,10.481,4.526,4.678,4.9,5.212,9.604,9.732,9.794,9.951,50.0,50.0,30.0
IC01425,LOT05,CMOS_LOGIC,123.84,9.438,9.752,9.986,10.395,4.505,4.649,4.895,5.05,9.532,9.616,9.72,9.928,50.0,50.0,30.0
IC00958,LOT18,MICROCONTROLLER,126.43,10.246,10.566,10.856,11.046,4.534,4.7,4.856,5.084,9.724,9.815,9.931,9.981,50.0,50.0,30.0
IC01862,LOT02,CMOS_LOGIC,125.14,10.754,11.058,11.319,11.726,5.484,5.623,5.735,5.939,10.528,10.564,10.612,10.722,50.0,50.0,30.0
IC00250,LOT10,MIXED_SIGNAL_IC,125.98,9.723,10.148,10.229,10.847,5.04,5.136,5.244,5.534,10.599,10.635,10.695,10.825,50.0,50.0,30.0
IC00621,LOT01,MIXED_SIGNAL_IC,126.68,9.711,13.229,20.473,29.974,5.112,6.712,12.127,21.657,9.51,10.102,12.33,14.965,50.0,50.0,30.0
IC00037,LOT17,CMOS_LOGIC,126.31,10.422,10.889,10.898,11.326,5.004,5.197,5.376,5.513,10.448,10.522,10.519,10.617,50.0,50.0,30.0
IC00500,LOT20,MIXED_SIGNAL_IC,125.01,9.641,9.935,10.414,10.854,5.033,5.264,5.466,5.741,9.306,9.396,9.538,9.541,50.0,50.0,30.0
IC00003,LOT03,MIXED_SIGNAL_IC,125.34,10.649,11.028,11.559,11.988,5.199,5.355,5.584,5.758,10.557,10.565,10.57,10.602,50.0,50.0,30.0
IC01965,LOT05,MICROCONTROLLER,123.26,9.27,9.681,9.953,10.467,4.621,4.876,5.026,5.187,9.496,9.497,9.649,9.688,50.0,50.0,30.0
IC01351,LOT11,CMOS_LOGIC,126.38,9.968,10.186,10.36,10.448,4.392,4.494,4.761,5.097,9.054,9.077,9.082,9.214,50.0,50.0,30.0
IC01133,LOT13,MIXED_SIGNAL_IC,122.39,10.526,10.795,11.08,11.476,5.031,5.145,5.247,5.612,10.295,10.306,10.406,10.519,50.0,50.0,30.0
IC01182,LOT02,MIXED_SIGNAL_IC,125.49,10.859,11.325,11.579,11.828,5.381,5.549,5.648,6.094,10.515,10.522,10.624,10.727,50.0,50.0,30.0
IC01438,LOT18,SRAM,128.75,10.792,11.031,11.143,11.297,5.232,5.272,5.474,5.559,10.112,10.128,10.234,10.409,50.0,50.0,30.0
IC01942,LOT02,CMOS_LOGIC,125.47,10.57,10.671,11.012,11.329,5.192,5.369,5.594,5.855,11.062,11.119,11.154,11.222,50.0,50.0,30.0
IC00681,LOT01,MICROCONTROLLER,124.7,9.068,11.951,19.635,27.797,5.115,6.994,11.932,18.665,10.215,10.856,13.51,15.644,50.0,50.0,30.0
IC00404,LOT04,SRAM,130.3,10.728,11.216,11.64,12.053,4.735,4.874,5.08,5.319,10.153,10.248,10.293,10.352,50.0,50.0,30.0
IC01372,LOT12,SRAM,125.91,11.058,13.601,18.624,27.311,5.63,7.289,10.801,20.31,10.517,11.581,12.91,15.532,50.0,50.0,30.0
IC01743,LOT03,CMOS_LOGIC,126.02,10.497,10.913,11.189,11.508,5.367,5.467,5.622,5.864,11.076,11.112,11.268,11.386,50.0,50.0,30.0
IC00636,LOT16,MIXED_SIGNAL_IC,126.13,9.258,9.579,9.967,10.334,4.46,4.628,4.808,5.112,9.074,9.157,9.227,9.279,50.0,50.0,30.0
IC01971,LOT11,MICROCONTROLLER,126.68,8.583,8.775,9.103,9.323,4.701,4.88,4.991,5.248,9.476,9.615,9.659,9.738,50.0,50.0,30.0
IC01330,LOT10,SRAM,125.22,10.328,10.61,10.724,11.019,4.985,5.112,5.279,5.555,10.125,10.102,10.173,10.389,50.0,50.0,30.0
IC01813,LOT13,MIXED_SIGNAL_IC,126.71,11.269,11.388,11.618,12.009,5.7,5.754,5.928,6.261,9.937,10.033,10.101,10.101,50.0,50.0,30.0
IC00464,LOT04,CMOS_LOGIC,125.83,10.51,13.688,20.789,29.804,4.579,6.257,12.046,19.998,9.876,10.443,12.63,16.387,50.0,50.0,30.0
IC01934,LOT14,MICROCONTROLLER,124.27,9.763,10.07,10.278,10.541,4.556,4.666,4.791,5.09,9.266,9.303,9.408,9.452,50.0,50.0,30.0
IC00398,LOT18,CMOS_LOGIC,127.11,10.108,10.282,10.529,10.754,5.055,5.25,5.452,5.757,10.399,10.492,10.6,10.714,50.0,50.0,30.0
IC00890,LOT10,CMOS_LOGIC,125.62,10.54,10.904,10.94,11.212,5.122,5.264,5.4,5.734,10.211,10.219,10.294,10.408,50.0,50.0,30.0
IC01588,LOT08,SRAM,124.29,10.215,10.377,10.635,11.167,4.884,4.951,5.141,5.34,10.578,10.586,10.634,10.808,50.0,50.0,30.0
IC01424,LOT04,MICROCONTROLLER,126.17,9.615,11.822,18.876,27.225,5.182,6.517,11.057,18.427,10.072,10.967,13.438,15.556,50.0,50.0,30.0
IC01295,LOT15,MICROCONTROLLER,124.45,9.325,9.535,9.642,10.026,4.613,4.871,5.139,5.449,9.084,9.121,9.209,9.255,50.0,50.0,30.0
IC01698,LOT18,MIXED_SIGNAL_IC,126.27,10.408,10.645,10.894,11.369,4.92,5.025,5.174,5.405,10.278,10.327,10.432,10.534,50.0,50.0,30.0
IC01163,LOT03,SRAM,125.34,9.726,9.843,10.339,10.596,5.036,5.193,5.417,5.758,10.543,10.603,10.641,10.762,50.0,50.0,30.0
IC01067,LOT07,MICROCONTROLLER,124.54,8.616,8.782,9.039,9.262,4.528,4.679,4.856,5.171,10.122,10.19,10.301,10.363,50.0,50.0,30.0
IC00197,LOT17,MICROCONTROLLER,123.74,10.348,10.727,11.149,11.479,4.577,4.655,4.834,5.03,9.528,9.577,9.706,9.679,50.0,50.0,30.0
IC01374,LOT14,CMOS_LOGIC,126.32,9.631,9.76,10.081,10.417,5.002,5.136,5.274,5.58,9.823,9.834,9.999,10.105,50.0,50.0,30.0
IC00978,LOT18,CMOS_LOGIC,126.7,10.119,10.35,10.523,10.748,5.05,5.131,5.394,5.604,10.302,10.396,10.498,10.596,50.0,50.0,30.0
IC01574,LOT14,CMOS_LOGIC,124.19,9.567,9.805,9.947,10.181,4.869,5.154,5.459,5.696,9.927,10.029,10.086,10.234,50.0,50.0,30.0
IC01701,LOT01,MIXED_SIGNAL_IC,128.3,10.2,10.444,10.773,10.99,4.893,5.038,5.148,5.395,10.406,10.42,10.583,10.667,50.0,50.0,30.0
IC00122,LOT02,MIXED_SIGNAL_IC,122.58,11.016,13.238,20.026,30.328,5.487,7.784,12.697,19.599,11.323,12.507,13.906,16.963,50.0,50.0,30.0
IC00712,LOT12,CMOS_LOGIC,124.45,11.136,11.371,11.822,12.014,5.526,5.615,5.692,5.906,11.297,11.327,11.428,11.54,50.0,50.0,30.0
IC00505,LOT05,MICROCONTROLLER,125.91,8.754,9.1,9.752,67.502,4.846,5.104,5.41,55.356,9.098,9.176,9.468,37.881,50.0,50.0,30.0
IC00673,LOT13,CMOS_LOGIC,122.86,10.162,10.392,10.868,11.187,5.702,5.802,5.96,6.28,10.923,10.94,10.976,11.054,50.0,50.0,30.0
IC00406,LOT06,CMOS_LOGIC,124.77,9.942,9.817,10.122,10.366,5.209,5.294,5.503,5.741,9.865,9.936,10.018,10.062,50.0,50.0,30.0
IC00157,LOT17,MICROCONTROLLER,127.1,9.628,10.107,10.33,10.667,4.626,4.839,5.072,5.365,9.512,9.598,9.593,9.668,50.0,50.0,30.0
IC00235,LOT15,MICROCONTROLLER,125.27,9.554,9.997,10.182,10.321,4.97,5.052,5.248,5.493,9.354,9.417,9.493,9.642,50.0,50.0,30.0
IC01772,LOT12,MICROCONTROLLER,123.83,11.494,11.793,11.978,12.155,5.607,5.691,5.947,6.238,11.198,11.245,11.346,11.453,50.0,50.0,30.0
IC00965,LOT05,CMOS_LOGIC,122.37,9.417,9.694,10.032,10.32,4.758,4.881,5.028,5.136,9.321,9.397,9.536,9.595,50.0,50.0,30.0
IC01913,LOT13,CMOS_LOGIC,126.97,10.038,10.357,10.447,10.861,5.046,5.271,5.488,5.741,10.704,10.733,10.795,10.873,50.0,50.0,30.0
IC01644,LOT04,SRAM,123.08,10.253,10.482,10.86,11.078,4.819,4.911,5.183,5.525,9.244,9.273,9.373,9.43,50.0,50.0,30.0
IC01788,LOT08,CMOS_LOGIC,124.01,10.611,10.734,11.292,53.546,5.401,5.623,5.898,71.823,10.261,10.313,10.506,48.262,50.0,50.0,30.0
IC01114,LOT14,SRAM,125.3,9.287,9.541,9.897,10.501,4.591,4.719,4.975,5.166,9.768,9.813,9.895,9.985,50.0,50.0,30.0
IC01661,LOT01,MIXED_SIGNAL_IC,122.6,9.686,12.017,18.348,27.682,4.855,6.568,11.038,17.692,9.145,9.719,11.791,15.916,50.0,50.0,30.0
IC00598,LOT18,SRAM,124.31,10.367,10.653,11.115,11.561,5.121,5.243,5.5,5.807,10.273,10.313,10.38,10.54,50.0,50.0,30.0
IC00086,LOT06,CMOS_LOGIC,125.96,9.368,9.584,9.93,10.163,4.921,5.18,5.322,5.591,9.734,9.752,9.921,9.959,50.0,50.0,30.0
IC01527,LOT07,SRAM,127.09,9.894,10.17,10.345,10.664,4.689,4.827,4.984,5.216,9.147,9.232,9.267,9.34,50.0,50.0,30.0
IC00127,LOT07,SRAM,124.65,9.427,9.542,9.804,10.048,4.635,4.774,4.995,5.045,9.077,9.066,9.238,9.313,50.0,50.0,30.0
IC00517,LOT17,CMOS_LOGIC,125.94,9.964,10.097,10.471,10.634,5.134,5.321,5.443,5.631,9.884,9.896,9.981,10.071,50.0,50.0,30.0
IC00847,LOT07,MICROCONTROLLER,125.3,9.57,9.855,10.175,10.36,4.719,4.866,5.014,5.358,9.242,9.321,9.486,9.549,50.0,50.0,30.0
IC00384,LOT04,MIXED_SIGNAL_IC,121.74,9.617,9.834,10.089,10.361,4.855,4.985,5.016,5.162,9.923,9.998,10.11,10.118,50.0,50.0,30.0
IC01162,LOT02,CMOS_LOGIC,126.05,10.406,10.693,11.066,11.193,5.198,5.435,5.623,5.815,10.38,10.366,10.474,10.565,50.0,50.0,30.0
IC01594,LOT14,CMOS_LOGIC,127.76,9.354,9.727,9.805,10.031,4.87,5.01,5.148,5.368,10.329,10.324,10.404,10.516,50.0,50.0,30.0
IC00287,LOT07,MIXED_SIGNAL_IC,125.72,8.823,9.023,9.09,9.074,4.953,5.145,5.4,5.746,9.134,9.178,9.246,9.32,50.0,50.0,30.0
IC00167,LOT07,MICROCONTROLLER,123.95,9.429,9.981,10.183,66.328,4.557,4.838,5.06,57.822,9.442,9.542,9.744,38.713,50.0,50.0,30.0
IC00653,LOT13,MIXED_SIGNAL_IC,125.35,10.104,10.31,10.665,10.78,5.244,5.405,5.681,5.994,10.521,10.591,10.734,10.823,50.0,50.0,30.0
IC01429,LOT09,SRAM,125.8,9.797,10.108,10.506,10.639,5.143,5.324,5.481,5.592,10.4,10.403,10.462,10.564,50.0,50.0,30.0
IC00336,LOT16,MIXED_SIGNAL_IC,125.25,9.302,9.555,9.954,10.239,5.057,5.242,5.436,5.81,9.295,9.365,9.466,9.595,50.0,50.0,30.0
IC00215,LOT15,MIXED_SIGNAL_IC,125.05,9.293,9.643,9.797,10.13,4.753,4.93,5.096,5.379,9.558,9.611,9.666,9.78,50.0,50.0,30.0
IC00114,LOT14,CMOS_LOGIC,124.1,10.365,10.668,10.83,11.108,4.9,5.132,5.287,5.473,10.19,10.221,10.263,10.369,50.0,50.0,30.0
IC00707,LOT07,MICROCONTROLLER,124.92,9.753,10.168,10.343,10.808,5.073,5.326,5.464,5.766,9.064,9.158,9.227,9.354,50.0,50.0,30.0
IC01723,LOT03,MIXED_SIGNAL_IC,124.49,10.489,10.687,10.934,11.229,5.125,5.24,5.511,5.801,10.729,10.815,10.937,11.039,50.0,50.0,30.0
IC01058,LOT18,SRAM,128.96,9.561,9.941,10.231,10.685,5.15,5.303,5.376,5.49,9.857,9.936,9.993,10.115,50.0,50.0,30.0
IC00085,LOT05,MICROCONTROLLER,123.92,9.626,9.909,10.254,10.612,4.571,4.584,4.802,5.232,9.583,9.686,9.783,9.83,50.0,50.0,30.0
IC01275,LOT15,MIXED_SIGNAL_IC,123.85,9.634,12.627,17.811,28.711,4.935,7.083,11.031,19.367,9.742,10.49,12.723,15.685,50.0,50.0,30.0
IC00845,LOT05,SRAM,122.82,9.23,12.324,18.35,29.706,5.063,7.5,13.194,21.214,9.24,10.433,12.111,14.267,50.0,50.0,30.0
IC00472,LOT12,MIXED_SIGNAL_IC,127.04,11.617,11.886,12.03,12.362,5.448,5.585,5.702,6.07,11.382,11.407,11.414,11.58,50.0,50.0,30.0
IC00214,LOT14,CMOS_LOGIC,122.94,9.42,9.831,10.288,60.646,5.089,5.15,5.508,73.458,9.661,9.665,9.796,35.755,50.0,50.0,30.0
IC01045,LOT05,MICROCONTROLLER,124.61,9.783,10.001,10.265,10.667,4.503,4.674,4.859,5.184,9.352,9.437,9.519,9.699,50.0,50.0,30.0
IC00221,LOT01,MIXED_SIGNAL_IC,126.0,9.714,10.079,10.428,10.601,4.957,5.178,5.328,5.525,10.18,10.24,10.332,10.379,50.0,50.0,30.0
IC00944,LOT04,MICROCONTROLLER,122.3,10.526,10.806,11.182,11.893,5.385,5.542,5.65,5.853,10.364,10.439,10.455,10.563,50.0,50.0,30.0
IC00550,LOT10,MIXED_SIGNAL_IC,126.76,9.446,9.774,9.973,10.348,5.025,5.169,5.261,5.391,9.921,9.971,10.02,10.093,50.0,50.0,30.0
IC01479,LOT19,CMOS_LOGIC,123.82,9.445,9.632,9.835,10.134,4.536,4.73,4.862,5.151,10.225,10.266,10.305,10.456,50.0,50.0,30.0
IC00848,LOT08,MIXED_SIGNAL_IC,128.35,10.634,10.896,11.141,11.397,5.057,5.193,5.322,5.599,11.006,11.078,11.105,11.175,50.0,50.0,30.0
IC00325,LOT05,MICROCONTROLLER,127.4,9.338,9.707,10.018,10.271,4.687,4.824,5.116,5.245,9.429,9.476,9.562,9.623,50.0,50.0,30.0
IC00909,LOT09,MIXED_SIGNAL_IC,122.22,10.261,10.387,10.659,11.127,5.301,5.388,5.524,5.821,9.895,9.925,10.071,10.204,50.0,50.0,30.0
IC01591,LOT11,MIXED_SIGNAL_IC,125.39,9.035,9.383,9.571,9.935,4.838,5.089,5.195,5.534,9.688,9.686,9.705,9.744,50.0,50.0,30.0
IC01309,LOT09,SRAM,124.69,10.269,10.528,10.618,10.983,5.08,5.245,5.449,5.718,10.001,10.001,10.152,10.299,50.0,50.0,30.0
IC01906,LOT06,SRAM,128.18,10.309,10.554,10.69,11.111,5.245,5.363,5.578,5.719,9.875,9.948,10.048,10.086,50.0,50.0,30.0
IC01160,LOT20,CMOS_LOGIC,126.13,10.132,10.475,10.715,11.122,4.609,4.737,4.918,5.115,9.805,9.836,9.91,10.001,50.0,50.0,30.0
IC00084,LOT04,MICROCONTROLLER,122.18,9.278,9.446,9.717,10.184,4.997,5.202,5.292,5.463,9.696,9.783,9.824,9.913,50.0,50.0,30.0
IC00535,LOT15,MIXED_SIGNAL_IC,124.27,9.878,10.109,10.121,10.19,4.854,4.905,5.084,5.414,9.536,9.625,9.737,9.811,50.0,50.0,30.0
IC00377,LOT17,SRAM,127.53,9.574,9.98,10.07,10.402,5.209,5.433,5.669,6.112,9.625,9.698,9.763,10.005,50.0,50.0,30.0
IC00293,LOT13,CMOS_LOGIC,125.1,9.819,10.052,10.507,10.659,5.031,5.127,5.347,5.547,10.538,10.473,10.63,10.676,50.0,50.0,30.0
IC00429,LOT09,CMOS_LOGIC,128.49,10.355,10.582,10.724,11.153,5.188,5.368,5.528,5.823,9.832,9.872,9.961,10.072,50.0,50.0,30.0
IC01618,LOT18,SRAM,122.31,9.735,9.693,9.815,10.041,4.956,5.145,5.35,5.607,9.362,9.372,9.431,9.484,50.0,50.0,30.0
IC01794,LOT14,MICROCONTROLLER,123.53,8.794,9.2,9.406,9.648,5.204,5.372,5.614,5.887,10.131,10.129,10.201,10.328,50.0,50.0,30.0
IC01660,LOT20,SRAM,127.76,9.724,9.903,10.047,10.4,4.809,5.04,5.238,5.529,9.904,9.985,10.098,10.15,50.0,50.0,30.0
IC00790,LOT10,SRAM,131.27,10.507,10.81,11.113,11.23,5.063,5.167,5.435,5.737,10.604,10.554,10.649,10.698,50.0,50.0,30.0
IC01643,LOT03,MICROCONTROLLER,122.54,9.538,9.923,10.308,10.546,5.047,5.191,5.319,5.556,10.094,10.103,10.184,10.253,50.0,50.0,30.0
IC01248,LOT08,MICROCONTROLLER,122.16,9.537,11.907,17.829,27.147,4.952,6.298,11.602,17.182,10.765,11.536,13.861,16.588,50.0,50.0,30.0
IC01338,LOT18,CMOS_LOGIC,122.59,9.868,10.359,10.53,10.889,4.909,5.03,5.187,5.284,9.524,9.598,9.73,9.784,50.0,50.0,30.0
IC01344,LOT04,CMOS_LOGIC,125.4,9.947,10.38,10.656,10.96,4.76,4.937,5.15,5.337,10.753,10.787,10.945,11.179,50.0,50.0,30.0
IC00290,LOT10,CMOS_LOGIC,126.75,10.391,10.803,11.003,11.387,4.782,5.101,5.294,5.575,10.514,10.535,10.622,10.745,50.0,50.0,30.0
IC00196,LOT16,MICROCONTROLLER,130.13,9.963,13.957,19.077,31.564,4.649,6.583,12.99,20.315,9.992,11.085,12.397,15.235,50.0,50.0,30.0
IC01065,LOT05,MIXED_SIGNAL_IC,125.33,9.666,9.813,9.995,10.343,5.104,5.268,5.559,5.81,9.593,9.636,9.653,9.713,50.0,50.0,30.0
IC00916,LOT16,SRAM,122.97,9.162,9.327,9.487,9.788,4.596,4.8,4.932,5.325,9.64,9.636,9.778,9.938,50.0,50.0,30.0
IC01576,LOT16,SRAM,122.34,8.979,12.374,21.07,33.479,4.566,5.998,10.591,19.327,9.864,11.005,12.812,15.923,50.0,50.0,30.0
IC00047,LOT07,MICROCONTROLLER,121.99,8.688,9.096,9.266,9.487,4.654,4.831,5.032,5.464,8.95,8.935,9.02,9.176,50.0,50.0,30.0
IC00494,LOT14,CMOS_LOGIC,123.46,8.972,9.172,9.347,9.555,4.744,4.87,5.107,5.271,9.557,9.582,9.646,9.745,50.0,50.0,30.0
IC00414,LOT14,MICROCONTROLLER,129.24,8.748,11.815,20.591,30.573,4.917,6.958,11.67,19.233,9.99,10.677,12.696,15.873,50.0,50.0,30.0
IC01301,LOT01,SRAM,126.32,10.602,10.739,11.005,11.256,4.9,5.073,5.287,5.439,9.586,9.603,9.721,9.872,50.0,50.0,30.0
IC01636,LOT16,MICROCONTROLLER,123.35,8.933,9.2,9.416,9.421,4.681,4.863,5.05,5.395,8.981,9.04,9.149,9.308,50.0,50.0,30.0
IC01080,LOT20,CMOS_LOGIC,123.67,9.629,9.986,10.204,10.58,5.112,5.296,5.405,5.68,9.671,9.768,9.887,9.989,50.0,50.0,30.0
IC01259,LOT19,SRAM,123.88,10.495,10.752,10.997,11.121,5.082,5.213,5.439,5.687,9.946,9.995,10.049,10.104,50.0,50.0,30.0
IC00321,LOT01,CMOS_LOGIC,127.57,10.181,10.563,10.753,11.069,4.793,4.923,5.122,5.318,9.657,9.682,9.729,9.871,50.0,50.0,30.0
IC01792,LOT12,CMOS_LOGIC,126.29,11.183,11.49,11.508,11.741,5.361,5.531,5.607,5.651,10.453,10.409,10.542,10.639,50.0,50.0,30.0
IC00749,LOT09,SRAM,121.94,10.06,10.553,10.736,11.058,4.924,5.115,5.332,5.669,9.911,9.946,10.052,10.063,50.0,50.0,30.0
IC00650,LOT10,MIXED_SIGNAL_IC,127.17,9.443,9.615,9.663,9.95,5.124,5.37,5.56,5.834,10.002,10.107,10.17,10.372,50.0,50.0,30.0
IC01110,LOT10,CMOS_LOGIC,125.39,9.678,10.089,10.211,10.597,4.435,4.655,4.623,4.861,10.244,10.179,10.254,10.354,50.0,50.0,30.0
IC00323,LOT03,MICROCONTROLLER,125.53,11.287,11.422,11.579,11.872,5.32,5.438,5.71,6.003,10.427,10.585,10.625,10.727,50.0,50.0,30.0
IC00454,LOT14,MICROCONTROLLER,123.8,9.57,9.811,10.013,10.424,4.691,4.815,5.142,5.416,9.401,9.428,9.547,9.678,50.0,50.0,30.0
IC00108,LOT08,MIXED_SIGNAL_IC,124.66,10.084,10.454,10.677,10.862,5.776,5.903,6.18,6.58,11.023,11.135,11.195,11.239,50.0,50.0,30.0
IC01692,LOT12,CMOS_LOGIC,127.97,10.81,11.026,11.161,11.398,5.867,5.972,6.189,6.445,11.134,11.196,11.242,11.338,50.0,50.0,30.0
IC00326,LOT06,SRAM,125.26,9.411,9.76,9.982,10.449,4.706,4.906,5.167,5.34,9.441,9.487,9.555,9.605,50.0,50.0,30.0
IC00154,LOT14,CMOS_LOGIC,127.9,9.821,10.077,10.171,10.66,5.166,5.246,5.505,5.806,9.76,9.801,9.87,9.878,50.0,50.0,30.0
IC00136,LOT16,SRAM,127.35,9.742,10.221,10.313,53.083,4.422,4.761,5.284,69.048,9.084,9.173,9.471,39.535,50.0,50.0,30.0
IC01799,LOT19,MICROCONTROLLER,124.69,10.753,11.183,11.487,11.734,5.261,5.344,5.475,5.677,10.09,10.165,10.242,10.252,50.0,50.0,30.0
IC01463,LOT03,CMOS_LOGIC,124.39,10.505,10.755,11.007,11.41,5.161,5.371,5.678,5.839,10.528,10.539,10.573,10.641,50.0,50.0,30.0
IC00028,LOT08,MIXED_SIGNAL_IC,123.8,10.137,10.374,10.533,10.851,5.11,5.28,5.611,5.938,9.752,9.779,9.823,9.947,50.0,50.0,30.0
IC01762,LOT02,MICROCONTROLLER,127.93,11.282,11.414,11.617,12.05,5.55,5.708,5.799,5.959,10.697,10.798,10.897,10.935,50.0,50.0,30.0
IC00805,LOT05,MIXED_SIGNAL_IC,125.98,8.996,9.335,9.465,9.742,4.635,4.678,4.748,5.077,10.115,10.165,10.266,10.424,50.0,50.0,30.0
IC01651,LOT11,MIXED_SIGNAL_IC,124.33,9.384,11.414,16.65,27.155,4.679,7.048,12.605,20.716,9.246,9.768,11.605,14.47,50.0,50.0,30.0
IC00922,LOT02,MICROCONTROLLER,122.65,11.244,11.408,11.706,11.944,5.089,5.085,5.316,5.563,10.217,10.321,10.416,10.442,50.0,50.0,30.0
IC01994,LOT14,MIXED_SIGNAL_IC,127.18,9.503,13.403,21.787,34.066,4.518,6.496,10.267,18.921,9.879,11.064,13.211,15.862,50.0,50.0,30.0
IC00949,LOT09,CMOS_LOGIC,126.53,10.729,10.951,11.21,11.497,4.891,5.08,5.283,5.502,10.158,10.136,10.251,10.377,50.0,50.0,30.0
IC00678,LOT18,MICROCONTROLLER,127.21,10.238,10.699,11.515,58.958,4.891,5.093,5.196,58.467,10.095,10.209,10.536,48.153,50.0,50.0,30.0
IC00131,LOT11,MICROCONTROLLER,127.66,9.888,12.166,17.629,26.401,4.679,5.936,11.169,19.874,10.163,11.034,13.726,18.204,50.0,50.0,30.0
IC01828,LOT08,MIXED_SIGNAL_IC,124.64,11.565,11.796,12.014,12.332,5.374,5.62,5.764,5.882,10.329,10.435,10.48,10.653,50.0,50.0,30.0
IC00579,LOT19,CMOS_LOGIC,121.16,9.101,9.528,9.837,10.131,4.505,4.641,4.795,5.023,10.341,10.389,10.414,10.473,50.0,50.0,30.0
IC00870,LOT10,CMOS_LOGIC,124.54,10.676,11.064,11.38,11.839,5.227,5.378,5.524,5.79,10.807,10.843,10.947,11.051,50.0,50.0,30.0
IC01454,LOT14,MICROCONTROLLER,126.41,10.865,11.331,11.75,11.759,4.557,4.752,4.939,5.177,9.407,9.504,9.57,9.644,50.0,50.0,30.0
IC01448,LOT08,MICROCONTROLLER,126.94,10.733,11.124,11.234,11.475,5.585,5.758,6.043,6.228,10.796,10.765,10.825,10.976,50.0,50.0,30.0
IC00831,LOT11,SRAM,125.97,9.688,9.871,10.084,10.453,4.655,4.796,5.0,5.33,9.376,9.35,9.445,9.634,50.0,50.0,30.0
IC01542,LOT02,CMOS_LOGIC,121.1,10.768,11.211,11.633,11.904,5.049,5.209,5.478,5.621,10.594,10.661,10.708,10.799,50.0,50.0,30.0
IC01021,LOT01,SRAM,125.94,8.715,9.179,9.478,9.67,5.217,5.414,5.534,5.768,9.985,10.024,10.077,10.296,50.0,50.0,30.0
IC00385,LOT05,MICROCONTROLLER,123.37,9.832,10.134,10.471,10.779,4.828,5.053,5.281,5.591,9.165,9.247,9.285,9.387,50.0,50.0,30.0
IC01193,LOT13,MICROCONTROLLER,128.93,10.906,11.365,11.422,11.748,5.43,5.604,5.775,6.074,10.645,10.722,10.846,10.94,50.0,50.0,30.0
IC01202,LOT02,CMOS_LOGIC,125.01,10.636,10.902,11.184,11.541,5.45,5.644,5.966,6.234,10.844,10.897,10.941,11.062,50.0,50.0,30.0
IC01621,LOT01,CMOS_LOGIC,122.87,9.5,9.84,10.294,10.377,4.687,4.699,4.838,5.069,9.227,9.308,9.368,9.376,50.0,50.0,30.0
IC00711,LOT11,MIXED_SIGNAL_IC,127.04,9.395,9.625,10.07,10.667,4.862,4.98,5.165,5.381,9.946,10.022,10.028,10.103,50.0,50.0,30.0
IC00618,LOT18,MICROCONTROLLER,128.41,9.369,11.786,19.887,30.052,5.002,6.29,12.455,18.446,10.519,11.037,12.273,15.829,50.0,50.0,30.0
IC01142,LOT02,MICROCONTROLLER,126.65,10.887,11.299,11.447,11.632,4.997,5.139,5.371,5.563,10.604,10.67,10.751,10.859,50.0,50.0,30.0
IC01255,LOT15,MICROCONTROLLER,127.46,9.685,9.911,10.054,10.082,4.61,4.835,5.084,5.214,9.824,9.794,9.85,9.997,50.0,50.0,30.0
IC00863,LOT03,SRAM,121.14,9.793,10.086,10.33,10.532,5.064,5.341,5.557,5.761,10.191,10.257,10.303,10.404,50.0,50.0,30.0
IC00479,LOT19,SRAM,125.25,9.815,10.112,10.408,10.644,4.719,4.844,5.093,5.279,9.878,9.854,9.941,10.094,50.0,50.0,30.0
IC00798,LOT18,CMOS_LOGIC,124.05,9.946,10.168,10.374,10.766,5.035,5.14,5.351,5.568,10.426,10.466,10.576,10.657,50.0,50.0,30.0
IC00694,LOT14,MIXED_SIGNAL_IC,124.21,8.913,9.244,9.366,9.737,4.863,4.976,5.153,5.422,9.488,9.542,9.623,9.685,50.0,50.0,30.0
IC01440,LOT20,MIXED_SIGNAL_IC,124.18,9.734,10.027,10.31,10.495,4.76,4.822,5.068,5.389,9.594,9.674,9.76,9.898,50.0,50.0,30.0
IC01558,LOT18,MIXED_SIGNAL_IC,123.72,10.874,11.256,12.117,53.741,4.888,5.123,5.607,50.759,10.132,10.297,10.61,37.161,50.0,50.0,30.0
IC01443,LOT03,MIXED_SIGNAL_IC,124.91,10.165,10.839,11.176,11.4,5.499,5.565,5.794,5.891,10.084,10.162,10.186,10.238,50.0,50.0,30.0
IC01519,LOT19,SRAM,123.49,9.342,9.382,9.684,10.162,5.043,5.201,5.263,5.55,9.87,9.967,10.017,10.11,50.0,50.0,30.0
IC00083,LOT03,SRAM,121.74,10.315,10.717,11.085,11.543,5.38,5.535,5.799,6.036,9.453,9.455,9.597,9.692,50.0,50.0,30.0
IC00562,LOT02,MICROCONTROLLER,126.12,10.285,10.525,10.808,11.227,5.975,6.164,6.526,6.766,10.136,10.151,10.222,10.306,50.0,50.0,30.0
IC01180,LOT20,MIXED_SIGNAL_IC,129.35,9.314,9.726,9.707,9.834,4.88,5.024,5.332,5.6,9.648,9.644,9.677,9.86,50.0,50.0,30.0
IC01268,LOT08,MIXED_SIGNAL_IC,122.88,11.044,11.427,11.542,12.035,5.21,5.307,5.373,5.624,10.466,10.584,10.687,10.825,50.0,50.0,30.0
IC01101,LOT01,MIXED_SIGNAL_IC,128.59,9.897,10.15,10.854,63.669,4.888,4.99,5.379,55.86,10.08,10.171,10.35,48.315,50.0,50.0,30.0
IC01063,LOT03,SRAM,123.66,10.252,12.994,20.674,30.833,5.827,7.969,13.844,22.203,10.461,11.305,13.913,17.149,50.0,50.0,30.0
IC01327,LOT07,CMOS_LOGIC,125.0,9.302,9.476,9.628,9.953,4.391,4.624,4.817,4.916,9.206,9.231,9.289,9.394,50.0,50.0,30.0
IC00865,LOT05,CMOS_LOGIC,127.22,9.832,13.259,20.597,33.109,4.525,6.768,12.277,17.44,9.681,10.443,12.78,16.086,50.0,50.0,30.0
IC01696,LOT16,SRAM,129.75,9.116,9.445,9.558,9.879,4.821,4.944,5.057,5.201,9.482,9.484,9.556,9.662,50.0,50.0,30.0
IC00914,LOT14,SRAM,123.72,9.288,9.635,10.096,10.489,5.151,5.234,5.326,5.598,9.08,9.136,9.265,9.393,50.0,50.0,30.0
IC01091,LOT11,SRAM,119.13,9.042,9.495,9.611,10.113,4.526,4.587,4.813,4.963,9.107,9.186,9.207,9.17,50.0,50.0,30.0
IC00950,LOT10,CMOS_LOGIC,124.12,9.487,9.966,10.053,10.282,5.024,5.228,5.473,5.635,9.707,9.784,9.876,10.093,50.0,50.0,30.0
IC01472,LOT12,MICROCONTROLLER,124.91,11.411,11.784,12.227,12.577,5.252,5.478,5.795,5.971,10.41,10.497,10.516,10.638,50.0,50.0,30.0
IC01801,LOT01,MIXED_SIGNAL_IC,125.48,9.299,9.392,9.94,10.166,5.177,5.346,5.6,5.804,9.701,9.787,9.867,9.954,50.0,50.0,30.0
IC00716,LOT16,MICROCONTROLLER,121.59,9.329,9.612,9.882,10.158,4.518,4.753,4.888,5.101,9.506,9.575,9.615,9.664,50.0,50.0,30.0
IC01898,LOT18,MIXED_SIGNAL_IC,125.72,10.132,10.315,10.489,10.721,4.827,5.022,5.165,5.271,10.524,10.618,10.68,10.727,50.0,50.0,30.0
IC01675,LOT15,CMOS_LOGIC,129.95,9.91,13.37,19.109,30.141,5.253,7.195,12.827,20.019,9.47,10.412,12.489,16.857,50.0,50.0,30.0
IC00376,LOT16,MICROCONTROLLER,125.54,9.865,10.1,10.294,10.416,4.858,4.959,5.079,5.296,9.192,9.213,9.228,9.429,50.0,50.0,30.0
IC00354,LOT14,MICROCONTROLLER,125.65,10.223,10.603,10.98,11.304,4.87,5.048,5.244,5.403,9.258,9.302,9.403,9.496,50.0,50.0,30.0
IC00358,LOT18,MIXED_SIGNAL_IC,124.65,9.878,10.28,10.732,50.751,5.413,5.676,5.989,74.21,10.283,10.278,10.641,49.175,50.0,50.0,30.0
IC00465,LOT05,CMOS_LOGIC,124.33,9.927,10.431,10.554,11.022,4.413,4.546,4.753,5.107,9.311,9.341,9.446,9.591,50.0,50.0,30.0
IC01598,LOT18,MIXED_SIGNAL_IC,123.98,9.886,10.412,10.441,10.617,5.043,5.128,5.205,5.397,10.006,10.083,10.14,10.223,50.0,50.0,30.0
IC00208,LOT08,CMOS_LOGIC,124.72,10.481,10.812,11.048,11.374,5.27,5.515,5.784,6.103,10.608,10.64,10.684,10.832,50.0,50.0,30.0
IC00394,LOT14,SRAM,127.42,8.659,8.978,9.063,9.305,4.985,5.186,5.312,5.36,9.812,9.853,9.927,10.034,50.0,50.0,30.0
IC00263,LOT03,MIXED_SIGNAL_IC,127.95,11.122,11.483,11.675,12.107,5.231,5.466,5.768,5.871,10.478,10.519,10.521,10.583,50.0,50.0,30.0
IC00686,LOT06,SRAM,124.25,8.978,9.416,9.477,9.826,4.35,4.535,4.59,4.904,9.51,9.595,9.663,9.825,50.0,50.0,30.0
IC01432,LOT12,MICROCONTROLLER,125.9,10.533,11.013,11.21,11.694,5.313,5.486,5.652,5.933,10.319,10.415,10.498,10.562,50.0,50.0,30.0
IC00436,LOT16,MICROCONTROLLER,128.1,9.75,9.958,10.196,10.48,4.494,4.69,4.893,5.167,9.39,9.456,9.546,9.681,50.0,50.0,30.0
IC01620,LOT20,SRAM,122.43,9.314,9.587,9.916,10.339,4.836,5.067,5.348,5.707,9.873,9.903,9.967,9.944,50.0,50.0,30.0
IC00896,LOT16,CMOS_LOGIC,120.61,9.33,11.409,17.716,30.158,4.662,5.7,10.122,15.279,8.961,9.72,11.231,13.862,50.0,50.0,30.0
IC01713,LOT13,MICROCONTROLLER,128.82,10.902,10.962,11.192,11.481,5.573,5.846,6.099,6.326,10.882,10.901,10.968,11.027,50.0,50.0,30.0
IC00274,LOT14,CMOS_LOGIC,127.39,8.991,9.267,9.454,9.878,5.1,5.165,5.297,5.515,9.793,9.893,9.988,10.04,50.0,50.0,30.0
IC01060,LOT20,CMOS_LOGIC,124.47,9.787,10.205,10.529,10.786,5.031,5.235,5.442,5.683,9.676,9.707,9.793,9.943,50.0,50.0,30.0
IC00103,LOT03,MICROCONTROLLER,123.7,9.762,9.896,10.557,62.239,5.148,5.416,5.733,71.928,9.966,10.023,10.127,43.371,50.0,50.0,30.0
IC00002,LOT02,SRAM,123.8,11.125,11.423,11.546,11.945,5.174,5.251,5.466,5.559,11.361,11.358,11.446,11.583,50.0,50.0,30.0
IC01046,LOT06,MIXED_SIGNAL_IC,125.67,9.692,9.94,10.082,10.432,4.761,4.871,5.105,5.289,10.197,10.231,10.387,10.466,50.0,50.0,30.0
IC01791,LOT11,MICROCONTROLLER,123.63,8.465,9.09,9.434,9.677,4.469,4.606,4.798,5.057,9.276,9.326,9.387,9.462,50.0,50.0,30.0
IC00659,LOT19,MICROCONTROLLER,124.43,9.347,9.479,9.806,10.107,5.176,5.302,5.607,5.964,9.638,9.68,9.789,9.777,50.0,50.0,30.0
IC01842,LOT02,MICROCONTROLLER,121.67,10.096,13.487,20.123,28.882,5.455,7.924,14.078,23.545,10.287,11.339,13.785,17.422,50.0,50.0,30.0
IC00270,LOT10,MICROCONTROLLER,122.16,9.978,10.184,10.343,10.43,5.364,5.542,5.614,5.765,10.038,10.005,10.081,10.174,50.0,50.0,30.0
IC00536,LOT16,MIXED_SIGNAL_IC,128.84,9.486,11.698,17.147,26.603,4.733,6.654,12.469,21.965,9.849,10.786,11.996,14.462,50.0,50.0,30.0
IC00180,LOT20,SRAM,121.32,9.22,9.483,10.024,10.376,4.462,4.53,4.69,5.022,9.451,9.585,9.602,9.608,50.0,50.0,30.0
IC00227,LOT07,SRAM,124.84,9.25,9.475,9.814,9.963,4.231,4.316,4.576,4.853,9.589,9.621,9.715,9.768,50.0,50.0,30.0
IC01683,LOT03,SRAM,124.52,10.283,10.44,10.487,10.842,5.017,5.161,5.425,5.716,10.194,10.194,10.274,10.373,50.0,50.0,30.0
IC01486,LOT06,MICROCONTROLLER,126.2,10.117,10.518,10.849,11.336,4.199,4.41,4.74,4.983,9.591,9.624,9.691,9.859,50.0,50.0,30.0
IC01769,LOT09,MICROCONTROLLER,126.9,9.633,9.874,10.047,10.54,5.066,5.168,5.377,5.533,10.145,10.229,10.29,10.28,50.0,50.0,30.0
IC00837,LOT17,MICROCONTROLLER,122.36,9.808,13.274,20.659,30.38,4.676,6.099,9.357,19.064,9.508,10.354,11.708,15.88,50.0,50.0,30.0
IC00651,LOT11,CMOS_LOGIC,128.98,9.336,9.392,9.603,10.005,4.458,4.663,4.599,4.834,9.433,9.507,9.54,9.622,50.0,50.0,30.0
IC00070,LOT10,MIXED_SIGNAL_IC,124.45,10.298,10.408,10.749,11.144,5.038,5.214,5.346,5.592,9.435,9.485,9.519,9.694,50.0,50.0,30.0
IC01038,LOT18,MIXED_SIGNAL_IC,126.55,10.492,10.971,11.191,11.353,5.385,5.52,5.669,5.954,9.531,9.555,9.559,9.648,50.0,50.0,30.0
IC00188,LOT08,MIXED_SIGNAL_IC,121.6,10.015,10.439,10.61,11.013,5.618,5.702,5.964,6.228,10.629,10.701,10.734,10.789,50.0,50.0,30.0
IC01212,LOT12,CMOS_LOGIC,123.64,10.473,13.414,20.134,30.999,5.388,6.524,12.779,20.907,10.714,11.343,13.555,15.889,50.0,50.0,30.0
IC01167,LOT07,MIXED_SIGNAL_IC,120.16,9.479,9.649,9.759,9.894,4.578,4.772,4.943,5.135,8.954,8.923,8.966,9.052,50.0,50.0,30.0
IC00123,LOT03,CMOS_LOGIC,124.19,10.306,10.833,11.432,69.636,5.269,5.549,6.055,65.706,10.086,10.296,10.538,41.748,50.0,50.0,30.0
IC00671,LOT11,CMOS_LOGIC,127.44,9.024,9.412,9.497,9.461,4.64,4.868,5.085,5.421,9.112,9.213,9.256,9.359,50.0,50.0,30.0
IC01754,LOT14,CMOS_LOGIC,125.61,9.238,9.493,9.74,10.165,4.36,4.633,4.881,5.032,9.518,9.554,9.658,9.782,50.0,50.0,30.0
IC01485,LOT05,MICROCONTROLLER,122.32,9.468,9.789,9.994,10.056,4.591,4.768,5.131,5.461,9.371,9.499,9.615,9.708,50.0,50.0,30.0
IC01376,LOT16,CMOS_LOGIC,124.62,9.282,9.777,10.131,10.603,4.752,4.926,4.979,5.352,9.036,9.051,9.1,9.208,50.0,50.0,30.0
IC00421,LOT01,MIXED_SIGNAL_IC,124.11,9.643,10.072,10.451,10.771,4.752,4.922,5.146,5.31,9.882,9.973,10.003,10.049,50.0,50.0,30.0
IC01203,LOT03,MIXED_SIGNAL_IC,126.33,9.92,10.258,10.605,11.015,5.006,5.097,5.273,5.578,10.915,10.933,10.996,11.07,50.0,50.0,30.0
IC00797,LOT17,CMOS_LOGIC,124.13,9.754,13.419,21.09,32.419,4.744,6.794,12.153,19.087,9.959,10.937,13.752,16.583,50.0,50.0,30.0
IC00675,LOT15,MICROCONTROLLER,129.05,9.215,9.38,9.592,10.003,5.326,5.462,5.745,5.965,9.913,9.96,10.078,10.208,50.0,50.0,30.0
IC01272,LOT12,MIXED_SIGNAL_IC,124.99,11.65,11.953,12.058,12.461,5.384,5.566,5.754,5.977,10.152,10.193,10.273,10.335,50.0,50.0,30.0
IC00989,LOT09,MICROCONTROLLER,123.24,10.866,11.217,11.475,11.857,5.68,5.868,6.088,6.262,10.358,10.419,10.495,10.555,50.0,50.0,30.0
IC01779,LOT19,MICROCONTROLLER,126.0,10.302,10.592,10.916,11.228,4.78,4.895,5.052,5.339,10.088,10.143,10.248,10.268,50.0,50.0,30.0
IC00477,LOT17,SRAM,124.35,9.31,9.705,10.0,10.325,4.603,4.767,4.993,5.279,9.754,9.788,9.894,9.954,50.0,50.0,30.0
IC00212,LOT12,CMOS_LOGIC,127.45,10.731,11.023,11.051,11.445,5.491,5.543,5.659,5.89,11.508,11.563,11.602,11.689,50.0,50.0,30.0
IC01886,LOT06,MICROCONTROLLER,126.83,9.48,9.626,9.926,9.955,4.401,4.674,4.961,5.084,10.082,10.144,10.214,10.322,50.0,50.0,30.0
IC00763,LOT03,SRAM,124.88,10.934,11.274,11.769,52.623,5.451,5.663,5.993,59.761,10.305,10.392,10.479,35.671,50.0,50.0,30.0
IC00602,LOT02,MICROCONTROLLER,127.51,10.139,10.505,10.853,11.252,5.043,5.223,5.31,5.555,10.803,10.892,10.99,11.099,50.0,50.0,30.0
IC01184,LOT04,MICROCONTROLLER,125.95,10.097,10.545,10.939,11.172,5.073,5.189,5.45,5.695,10.584,10.632,10.684,10.855,50.0,50.0,30.0
IC01447,LOT07,MIXED_SIGNAL_IC,123.91,9.268,9.279,9.313,9.583,4.787,5.03,5.252,5.494,8.864,8.967,9.067,9.218,50.0,50.0,30.0
IC01026,LOT06,MIXED_SIGNAL_IC,126.2,9.933,10.405,10.77,11.129,4.375,4.509,4.729,5.118,9.184,9.23,9.338,9.472,50.0,50.0,30.0
IC01169,LOT09,MICROCONTROLLER,127.6,10.216,10.751,10.886,11.146,5.652,5.855,6.097,6.345,10.454,10.461,10.454,10.543,50.0,50.0,30.0
IC00717,LOT17,CMOS_LOGIC,125.28,9.714,10.062,10.521,10.827,4.682,4.815,4.987,5.149,9.309,9.332,9.457,9.454,50.0,50.0,30.0
IC01280,LOT20,MICROCONTROLLER,125.68,9.777,11.799,18.977,29.154,4.795,6.472,10.874,20.462,9.698,10.449,13.19,17.447,50.0,50.0,30.0
IC00917,LOT17,MICROCONTROLLER,122.14,9.721,9.988,10.245,10.307,4.617,4.687,4.966,5.215,10.042,10.069,10.126,10.253,50.0,50.0,30.0
IC00408,LOT08,MIXED_SIGNAL_IC,125.09,10.54,10.907,11.419,56.771,5.457,5.609,6.144,71.72,10.58,10.653,10.791,47.291,50.0,50.0,30.0
IC01741,LOT01,MIXED_SIGNAL_IC,122.99,9.442,9.681,9.972,10.399,4.666,4.814,5.103,5.543,9.449,9.515,9.592,9.576,50.0,50.0,30.0
IC00567,LOT07,SRAM,125.82,9.252,9.49,9.739,9.892,4.842,5.101,5.163,5.548,9.848,9.901,9.998,10.09,50.0,50.0,30.0
IC00719,LOT19,SRAM,124.29,9.89,10.25,10.603,10.984,4.913,5.135,5.42,5.684,10.02,10.153,10.287,10.347,50.0,50.0,30.0
IC01983,LOT03,SRAM,125.85,11.416,11.759,12.023,12.469,5.349,5.525,5.725,5.869,10.009,9.98,10.111,10.23,50.0,50.0,30.0
IC00435,LOT15,SRAM,124.01,9.022,9.306,9.522,9.88,4.779,4.896,5.117,5.372,9.851,9.881,10.0,10.133,50.0,50.0,30.0
IC00715,LOT15,MIXED_SIGNAL_IC,125.08,9.159,9.549,9.803,10.136,4.911,5.019,5.244,5.446,9.181,9.214,9.234,9.295,50.0,50.0,30.0
IC00199,LOT19,MICROCONTROLLER,123.15,9.602,10.129,10.415,59.57,4.841,5.07,5.299,57.792,10.001,10.151,10.339,49.764,50.0,50.0,30.0
IC00696,LOT16,SRAM,124.76,8.991,9.306,9.491,9.825,5.022,5.154,5.26,5.439,9.006,8.99,9.018,9.142,50.0,50.0,30.0
IC00767,LOT07,MICROCONTROLLER,125.67,9.724,9.929,10.203,10.618,5.108,5.209,5.334,5.556,9.525,9.602,9.627,9.692,50.0,50.0,30.0
IC00739,LOT19,MIXED_SIGNAL_IC,128.25,9.895,10.278,10.418,10.489,5.067,5.249,5.495,5.828,9.749,9.72,9.773,9.861,50.0,50.0,30.0
IC01619,LOT19,MICROCONTROLLER,122.55,9.753,10.234,10.591,11.005,4.711,4.822,5.072,5.211,10.29,10.279,10.355,10.481,50.0,50.0,30.0
IC01031,LOT11,SRAM,125.06,9.041,9.303,9.729,9.973,4.199,4.448,4.567,4.755,9.003,9.098,9.155,9.309,50.0,50.0,30.0
IC00787,LOT07,CMOS_LOGIC,125.49,9.969,10.168,10.642,11.001,4.301,4.504,4.738,5.018,9.24,9.256,9.318,9.421,50.0,50.0,30.0
IC01315,LOT15,MIXED_SIGNAL_IC,127.35,9.233,9.882,10.355,65.794,4.863,5.117,5.312,63.388,9.368,9.494,9.729,47.939,50.0,50.0,30.0
IC01245,LOT05,MICROCONTROLLER,126.52,9.334,9.512,9.736,10.184,4.983,5.027,5.195,5.463,9.84,9.821,9.919,10.096,50.0,50.0,30.0
IC00872,LOT12,CMOS_LOGIC,122.0,10.648,13.973,22.351,34.18,5.345,6.914,11.589,17.52,10.831,11.535,14.136,18.371,50.0,50.0,30.0
IC00033,LOT13,SRAM,121.67,9.855,10.265,10.254,10.797,5.039,5.084,5.389,5.566,9.73,9.802,9.852,10.036,50.0,50.0,30.0
IC00825,LOT05,MIXED_SIGNAL_IC,126.48,9.384,9.467,9.654,9.647,4.176,4.31,4.478,4.687,10.351,10.414,10.484,10.611,50.0,50.0,30.0
IC01894,LOT14,MIXED_SIGNAL_IC,126.84,9.671,9.975,10.338,10.519,5.074,5.238,5.468,5.674,9.604,9.68,9.779,9.874,50.0,50.0,30.0
IC00052,LOT12,MIXED_SIGNAL_IC,120.84,11.38,11.64,12.051,12.61,5.543,5.734,5.89,6.107,10.561,10.56,10.644,10.662,50.0,50.0,30.0
IC01478,LOT18,SRAM,124.9,9.778,13.568,19.897,30.79,4.419,5.779,11.57,20.441,9.458,10.165,12.592,16.352,50.0,50.0,30.0
IC00218,LOT18,MIXED_SIGNAL_IC,125.34,9.347,9.612,9.734,9.819,5.373,5.593,5.883,6.12,9.889,9.912,9.977,10.06,50.0,50.0,30.0
IC00997,LOT17,MIXED_SIGNAL_IC,125.27,9.869,10.129,10.246,10.526,4.862,5.04,5.259,5.418,9.289,9.289,9.386,9.518,50.0,50.0,30.0
IC00957,LOT17,CMOS_LOGIC,124.73,9.432,9.666,9.751,10.129,5.088,5.264,5.532,5.773,9.512,9.574,9.666,9.695,50.0,50.0,30.0
IC00095,LOT15,CMOS_LOGIC,124.33,9.163,9.353,9.785,10.247,4.935,5.041,5.189,5.391,9.647,9.677,9.795,9.916,50.0,50.0,30.0
IC00077,LOT17,MIXED_SIGNAL_IC,127.47,9.212,9.656,10.086,10.407,4.521,4.643,4.969,5.233,9.222,9.316,9.375,9.477,50.0,50.0,30.0
IC00996,LOT16,CMOS_LOGIC,128.87,9.351,9.661,9.932,10.211,4.907,5.117,5.368,5.54,9.781,9.791,9.861,9.998,50.0,50.0,30.0
IC00360,LOT20,SRAM,126.46,9.958,10.288,10.794,54.933,4.918,5.293,5.524,63.931,10.029,10.086,10.363,43.474,50.0,50.0,30.0
IC01770,LOT10,CMOS_LOGIC,124.58,9.445,9.864,10.257,10.435,5.217,5.35,5.619,5.869,9.934,9.928,10.003,10.06,50.0,50.0,30.0
IC00911,LOT11,MIXED_SIGNAL_IC,126.24,9.37,12.538,21.02,30.364,4.991,6.173,11.129,17.012,9.146,10.073,11.747,14.325,50.0,50.0,30.0
IC01699,LOT19,MIXED_SIGNAL_IC,126.14,9.48,9.577,9.74,9.882,4.669,4.85,4.943,5.308,9.883,9.88,9.919,10.052,50.0,50.0,30.0
IC00026,LOT06,MICROCONTROLLER,123.09,8.518,8.817,8.985,9.28,5.057,5.283,5.537,5.826,9.278,9.332,9.354,9.412,50.0,50.0,30.0
IC01979,LOT19,MICROCONTROLLER,128.32,10.585,10.763,11.012,11.222,5.156,5.378,5.483,5.558,10.287,10.281,10.351,10.35,50.0,50.0,30.0
IC00140,LOT20,MICROCONTROLLER,125.61,9.917,10.228,10.454,10.736,5.001,5.139,5.419,5.716,9.878,9.811,9.917,10.026,50.0,50.0,30.0
IC01978,LOT18,SRAM,122.57,10.617,10.765,10.902,11.289,5.038,5.219,5.481,5.84,10.094,10.165,10.229,10.335,50.0,50.0,30.0
IC01785,LOT05,CMOS_LOGIC,126.25,9.314,9.609,9.74,10.04,4.499,4.591,4.75,4.952,10.016,10.061,10.195,10.3,50.0,50.0,30.0
IC00142,LOT02,MICROCONTROLLER,126.34,10.381,10.485,10.712,10.946,5.383,5.539,5.73,5.982,10.16,10.234,10.296,10.385,50.0,50.0,30.0
IC00330,LOT10,SRAM,126.67,10.059,10.497,10.596,10.899,5.027,5.161,5.433,5.638,10.083,10.15,10.183,10.397,50.0,50.0,30.0
IC01871,LOT11,MIXED_SIGNAL_IC,127.58,9.214,9.536,9.687,10.1,4.928,5.019,5.292,5.569,9.499,9.525,9.69,9.836,50.0,50.0,30.0
IC01370,LOT10,MICROCONTROLLER,127.71,10.272,10.393,10.788,11.102,5.118,5.313,5.55,5.847,10.644,10.646,10.773,10.886,50.0,50.0,30.0
IC01684,LOT04,MICROCONTROLLER,127.02,10.285,10.564,10.839,11.103,5.349,5.45,5.583,5.901,10.767,10.825,10.979,11.128,50.0,50.0,30.0
IC01496,LOT16,SRAM,124.02,9.337,12.977,21.583,30.114,4.976,7.315,11.005,19.69,9.094,10.104,11.319,13.871,50.0,50.0,30.0
IC01350,LOT10,SRAM,127.28,10.36,10.588,11.009,11.434,5.429,5.538,5.735,6.142,9.945,9.947,9.95,10.023,50.0,50.0,30.0
IC00253,LOT13,MICROCONTROLLER,122.87,10.107,10.335,10.581,10.756,5.081,5.305,5.466,5.838,10.704,10.756,10.78,10.872,50.0,50.0,30.0
IC01494,LOT14,SRAM,125.63,8.522,8.784,9.201,9.374,4.744,4.983,5.211,5.51,9.611,9.648,9.676,9.822,50.0,50.0,30.0
IC01059,LOT19,MICROCONTROLLER,125.23,9.814,12.329,21.032,29.737,5.193,7.646,12.412,19.696,9.492,10.114,12.505,15.655,50.0,50.0,30.0
IC01764,LOT04,SRAM,125.49,10.684,11.024,11.211,11.535,5.127,5.36,5.588,5.799,9.928,9.937,9.988,10.129,50.0,50.0,30.0
IC00427,LOT07,MICROCONTROLLER,129.11,9.648,9.77,9.846,10.297,5.186,5.288,5.379,5.709,9.581,9.612,9.73,9.784,50.0,50.0,30.0
IC00415,LOT15,MICROCONTROLLER,122.45,10.244,10.607,10.976,11.401,4.881,4.984,5.121,5.28,9.078,9.192,9.297,9.356,50.0,50.0,30.0
IC01170,LOT10,CMOS_LOGIC,124.59,10.932,11.003,11.229,11.354,5.266,5.406,5.609,5.948,10.027,10.017,10.134,10.238,50.0,50.0,30.0
IC00768,LOT08,MICROCONTROLLER,121.21,10.35,10.641,10.579,11.03,4.951,5.176,5.408,5.708,11.239,11.375,11.417,11.524,50.0,50.0,30.0
IC00244,LOT04,SRAM,118.32,10.897,11.265,11.539,11.827,4.843,5.019,5.042,5.347,10.057,10.112,10.183,10.385,50.0,50.0,30.0
IC01907,LOT07,MIXED_SIGNAL_IC,127.06,9.413,9.569,9.751,10.246,4.809,4.864,5.079,5.175,9.889,9.925,10.084,10.211,50.0,50.0,30.0
IC01577,LOT17,SRAM,122.73,10.09,10.38,10.73,11.059,4.999,5.154,5.364,5.663,9.18,9.215,9.283,9.425,50.0,50.0,30.0
IC00441,LOT01,MIXED_SIGNAL_IC,124.13,9.604,12.143,20.346,30.615,4.642,6.648,10.762,17.668,9.959,11.153,12.799,16.065,50.0,50.0,30.0
IC01795,LOT15,MIXED_SIGNAL_IC,122.07,10.018,10.161,10.469,10.793,4.746,4.906,5.073,5.519,9.153,9.263,9.327,9.425,50.0,50.0,30.0
IC00526,LOT06,CMOS_LOGIC,125.17,9.971,10.276,10.476,10.704,4.724,4.829,5.065,5.212,10.01,10.027,10.16,10.213,50.0,50.0,30.0
IC00986,LOT06,SRAM,125.2,9.535,12.924,18.615,30.878,4.561,5.771,10.174,15.55,9.478,10.359,12.765,17.118,50.0,50.0,30.0
IC00615,LOT15,MICROCONTROLLER,126.11,9.736,9.94,9.935,10.385,4.743,4.919,5.025,5.333,9.492,9.593,9.704,9.759,50.0,50.0,30.0
IC01702,LOT02,MIXED_SIGNAL_IC,122.6,10.487,10.683,11.113,11.462,5.186,5.335,5.48,5.801,10.923,10.956,11.064,11.184,50.0,50.0,30.0
IC00434,LOT14,MIXED_SIGNAL_IC,126.99,9.685,9.991,10.327,10.584,5.443,5.736,5.949,6.177,9.817,9.834,9.957,10.101,50.0,50.0,30.0
IC00782,LOT02,SRAM,124.49,10.566,10.937,11.318,11.709,5.231,5.351,5.608,5.865,10.788,10.868,10.98,11.162,50.0,50.0,30.0
IC01609,LOT09,CMOS_LOGIC,124.01,10.305,12.48,21.254,33.186,4.831,6.132,11.363,20.158,10.384,11.03,12.398,15.278,50.0,50.0,30.0
IC00076,LOT16,MICROCONTROLLER,127.3,8.831,9.228,9.328,9.761,4.88,4.988,5.079,5.307,9.552,9.518,9.608,9.695,50.0,50.0,30.0
IC00128,LOT08,SRAM,121.99,10.816,11.246,11.427,11.785,5.176,5.489,5.716,5.951,10.461,10.48,10.552,10.608,50.0,50.0,30.0
IC00666,LOT06,CMOS_LOGIC,121.69,10.107,10.391,10.457,10.722,4.913,5.004,5.171,5.333,9.296,9.328,9.392,9.497,50.0,50.0,30.0
IC00788,LOT08,SRAM,123.99,10.005,13.001,19.597,31.349,5.484,6.594,9.907,18.167,10.489,11.33,13.952,18.243,50.0,50.0,30.0
IC01614,LOT14,SRAM,125.24,10.138,10.292,10.509,10.98,5.064,5.184,5.32,5.54,9.548,9.587,9.696,9.686,50.0,50.0,30.0
IC00998,LOT18,SRAM,124.02,9.402,9.609,9.959,10.286,4.686,4.779,4.938,5.228,9.599,9.677,9.762,9.805,50.0,50.0,30.0
IC00566,LOT06,MICROCONTROLLER,126.03,9.4,9.459,9.686,10.005,5.058,5.2,5.44,5.645,9.378,9.378,9.418,9.492,50.0,50.0,30.0
IC01307,LOT07,SRAM,127.03,8.593,10.754,16.541,29.434,5.074,7.345,13.537,19.248,9.648,10.296,12.586,15.84,50.0,50.0,30.0
IC01615,LOT15,MIXED_SIGNAL_IC,122.87,9.325,9.645,9.996,10.281,4.867,4.95,5.236,5.439,9.438,9.467,9.556,9.591,50.0,50.0,30.0
IC00620,LOT20,SRAM,127.29,9.836,10.231,10.445,10.714,4.441,4.577,4.905,5.227,10.742,10.774,10.804,10.964,50.0,50.0,30.0
IC01687,LOT07,CMOS_LOGIC,129.31,9.527,9.906,10.29,10.608,4.511,4.564,4.755,4.964,8.722,8.825,8.871,8.983,50.0,50.0,30.0
IC00807,LOT07,MICROCONTROLLER,124.11,9.17,9.403,9.773,10.215,4.97,5.216,5.46,5.802,9.257,9.296,9.417,9.554,50.0,50.0,30.0
IC00410,LOT10,MIXED_SIGNAL_IC,121.75,10.029,10.064,10.286,10.603,4.985,5.132,5.322,5.575,9.765,9.856,9.928,10.0,50.0,50.0,30.0
IC01028,LOT08,MICROCONTROLLER,124.14,11.501,11.706,11.757,11.998,5.551,5.687,5.892,6.198,10.268,10.343,10.469,10.524,50.0,50.0,30.0
IC01930,LOT10,MICROCONTROLLER,127.36,10.355,10.722,10.852,11.135,5.097,5.201,5.414,5.601,10.831,10.884,10.954,11.046,50.0,50.0,30.0
IC01190,LOT10,MIXED_SIGNAL_IC,122.97,9.742,10.089,10.317,10.494,5.046,5.112,5.494,5.653,10.251,10.28,10.381,10.499,50.0,50.0,30.0
IC01189,LOT09,SRAM,120.92,9.952,12.258,18.648,28.709,4.836,7.234,11.29,20.628,10.197,11.051,13.845,17.6,50.0,50.0,30.0
IC00057,LOT17,CMOS_LOGIC,126.27,9.612,9.926,10.025,10.638,4.898,5.004,5.178,5.363,9.63,9.705,9.777,9.829,50.0,50.0,30.0
IC00502,LOT02,MICROCONTROLLER,122.57,10.484,10.758,11.107,68.867,5.308,5.519,5.89,69.513,10.463,10.551,10.799,44.402,50.0,50.0,30.0
IC00760,LOT20,SRAM,127.43,9.806,9.929,10.247,10.505,4.592,4.618,4.77,5.164,9.693,9.759,9.87,9.976,50.0,50.0,30.0
IC01366,LOT06,MIXED_SIGNAL_IC,125.79,9.387,9.883,10.073,10.291,4.471,4.584,4.77,5.164,9.39,9.497,9.571,9.639,50.0,50.0,30.0
IC00580,LOT20,MICROCONTROLLER,121.03,9.398,9.702,9.931,10.361,4.913,5.064,5.281,5.485,9.463,9.559,9.688,9.787,50.0,50.0,30.0
IC00718,LOT18,MICROCONTROLLER,123.92,9.667,9.984,10.263,10.669,5.118,5.375,5.479,5.725,9.493,9.532,9.629,9.74,50.0,50.0,30.0
IC00324,LOT04,MICROCONTROLLER,125.7,9.775,10.311,10.611,11.035,5.436,5.674,5.942,6.183,9.737,9.835,9.925,10.08,50.0,50.0,30.0
IC00162,LOT02,CMOS_LOGIC,123.9,10.322,10.61,11.354,66.969,5.064,5.329,5.457,58.132,10.289,10.355,10.624,37.724,50.0,50.0,30.0
IC00315,LOT15,MIXED_SIGNAL_IC,127.92,9.523,9.913,10.207,10.862,4.383,4.598,4.856,5.045,9.248,9.319,9.459,9.551,50.0,50.0,30.0
IC00597,LOT17,CMOS_LOGIC,127.28,9.21,9.608,9.593,9.764,4.525,4.67,4.828,5.095,9.765,9.874,9.92,10.023,50.0,50.0,30.0
IC01136,LOT16,MIXED_SIGNAL_IC,121.15,9.284,9.579,9.781,10.163,4.531,4.721,4.998,5.148,8.963,9.029,9.08,9.119,50.0,50.0,30.0
IC00058,LOT18,CMOS_LOGIC,127.26,10.094,10.405,10.6,10.848,5.303,5.434,5.65,5.861,9.947,10.048,10.092,10.182,50.0,50.0,30.0
IC00821,LOT01,SRAM,125.22,10.287,10.709,11.282,63.156,4.847,5.109,5.376,60.385,10.045,10.133,10.395,35.257,50.0,50.0,30.0
IC00644,LOT04,MICROCONTROLLER,126.94,10.974,11.056,11.304,11.616,5.346,5.567,5.878,6.073,10.181,10.263,10.374,10.527,50.0,50.0,30.0
IC01000,LOT20,MIXED_SIGNAL_IC,126.91,9.351,9.845,10.053,10.261,5.12,5.315,5.618,5.958,9.117,9.187,9.31,9.324,50.0,50.0,30.0
IC01585,LOT05,SRAM,126.06,9.648,10.074,10.205,10.497,4.671,4.831,5.061,5.288,9.691,9.724,9.839,9.965,50.0,50.0,30.0
IC01870,LOT10,MIXED_SIGNAL_IC,124.42,10.046,10.265,10.646,10.893,5.179,5.291,5.528,5.654,10.413,10.499,10.563,10.713,50.0,50.0,30.0
IC01104,LOT04,SRAM,123.57,10.344,10.718,11.049,11.131,5.281,5.444,5.608,5.898,9.869,9.884,9.941,10.101,50.0,50.0,30.0
IC00587,LOT07,SRAM,122.35,8.866,9.196,9.524,9.61,5.037,5.186,5.27,5.51,9.106,9.211,9.251,9.268,50.0,50.0,30.0
IC01939,LOT19,MICROCONTROLLER,125.56,9.777,10.009,10.143,10.463,5.041,5.225,5.355,5.616,9.628,9.668,9.756,9.811,50.0,50.0,30.0
IC01430,LOT10,MICROCONTROLLER,124.5,10.351,10.493,10.799,11.186,5.048,5.189,5.452,5.714,10.74,10.839,10.858,10.941,50.0,50.0,30.0
IC00783,LOT03,MIXED_SIGNAL_IC,123.52,9.627,10.044,10.42,10.869,5.167,5.154,5.491,5.754,9.975,10.027,10.103,10.137,50.0,50.0,30.0
IC01746,LOT06,CMOS_LOGIC,123.54,8.905,9.257,9.464,9.748,4.655,4.78,5.03,5.299,9.044,9.104,9.19,9.319,50.0,50.0,30.0
IC00656,LOT16,MIXED_SIGNAL_IC,126.88,9.537,9.846,10.269,10.53,4.95,5.075,5.194,5.57,9.435,9.466,9.594,9.664,50.0,50.0,30.0
IC00808,LOT08,MICROCONTROLLER,123.3,9.895,10.29,10.497,10.871,5.336,5.554,5.773,6.021,10.498,10.564,10.656,10.807,50.0,50.0,30.0
IC01090,LOT10,MICROCONTROLLER,123.34,10.814,11.164,11.584,12.004,5.211,5.306,5.493,5.746,10.923,10.978,11.094,11.215,50.0,50.0,30.0
IC01302,LOT02,CMOS_LOGIC,124.45,10.918,11.244,11.619,11.862,5.612,5.679,5.884,6.159,10.702,10.742,10.881,10.856,50.0,50.0,30.0
IC01668,LOT08,MICROCONTROLLER,123.76,10.434,13.658,21.226,32.972,5.199,6.98,11.766,19.923,10.926,11.918,13.742,16.568,50.0,50.0,30.0
IC00616,LOT16,SRAM,124.13,9.907,10.225,10.238,10.7,4.634,4.809,5.087,5.466,9.357,9.378,9.358,9.515,50.0,50.0,30.0
IC01124,LOT04,CMOS_LOGIC,124.46,9.934,10.199,10.615,10.873,5.294,5.535,5.765,6.014,10.397,10.412,10.488,10.578,50.0,50.0,30.0
IC01457,LOT17,MIXED_SIGNAL_IC,124.15,10.01,10.299,10.49,10.935,4.706,4.905,5.141,5.392,9.2,9.241,9.312,9.327,50.0,50.0,30.0
IC00259,LOT19,MIXED_SIGNAL_IC,124.27,9.772,10.038,10.268,10.547,4.749,4.875,5.064,5.468,10.161,10.169,10.217,10.386,50.0,50.0,30.0
IC00013,LOT13,MIXED_SIGNAL_IC,129.55,10.794,11.204,11.45,11.518,5.446,5.546,5.841,6.185,10.746,10.781,10.881,11.12,50.0,50.0,30.0
IC01843,LOT03,MIXED_SIGNAL_IC,125.42,10.367,12.849,18.338,27.05,5.112,6.892,11.26,20.031,10.605,11.331,12.761,15.728,50.0,50.0,30.0
IC01109,LOT09,MIXED_SIGNAL_IC,124.16,9.583,9.926,10.372,10.849,4.962,4.966,5.184,5.455,10.541,10.59,10.653,10.831,50.0,50.0,30.0
IC00748,LOT08,MICROCONTROLLER,124.01,10.092,10.442,10.459,10.673,5.685,5.939,6.168,6.461,10.82,10.877,10.932,11.049,50.0,50.0,30.0
IC01292,LOT12,SRAM,125.92,11.357,11.846,12.18,12.595,5.651,5.74,5.995,6.317,9.911,9.935,10.046,10.139,50.0,50.0,30.0
IC01051,LOT11,MIXED_SIGNAL_IC,124.52,9.181,12.873,18.699,30.253,4.54,6.637,10.257,17.426,9.419,10.353,11.6,14.612,50.0,50.0,30.0
IC00299,LOT19,SRAM,122.7,9.98,10.043,10.232,10.524,4.852,4.963,5.109,5.257,9.57,9.628,9.782,9.946,50.0,50.0,30.0
IC00038,LOT18,CMOS_LOGIC,124.28,9.903,10.132,10.278,10.584,4.842,4.943,5.162,5.408,9.84,9.88,9.924,9.995,50.0,50.0,30.0
IC00172,LOT12,MICROCONTROLLER,128.74,11.413,11.753,12.05,12.191,5.53,5.743,6.025,6.257,11.123,11.172,11.19,11.316,50.0,50.0,30.0
IC01380,LOT20,SRAM,127.31,9.701,9.87,10.172,10.393,4.78,5.007,5.125,5.456,9.217,9.25,9.382,9.507,50.0,50.0,30.0
IC00488,LOT08,SRAM,124.44,11.147,11.198,11.237,11.568,5.35,5.471,5.628,5.831,9.932,9.925,9.987,9.996,50.0,50.0,30.0
IC00491,LOT11,MICROCONTROLLER,125.87,9.197,9.429,9.83,10.197,4.82,5.046,5.299,5.462,8.589,8.665,8.749,8.962,50.0,50.0,30.0
IC00541,LOT01,CMOS_LOGIC,125.09,9.928,13.348,18.39,28.587,5.188,7.453,12.166,18.723,10.069,11.179,12.66,15.176,50.0,50.0,30.0
IC01656,LOT16,SRAM,125.03,9.176,9.301,9.827,69.942,4.754,4.925,5.053,50.073,9.629,9.7,9.883,46.157,50.0,50.0,30.0
IC01912,LOT12,MICROCONTROLLER,123.21,10.203,10.506,10.833,11.134,4.962,5.115,5.311,5.471,11.425,11.414,11.51,11.619,50.0,50.0,30.0
IC00959,LOT19,SRAM,122.89,9.482,9.833,9.942,10.291,4.826,5.051,5.263,5.582,10.245,10.274,10.365,10.386,50.0,50.0,30.0
IC00910,LOT10,MIXED_SIGNAL_IC,129.28,9.729,10.079,10.23,10.601,4.797,4.931,5.213,5.571,10.363,10.389,10.472,10.582,50.0,50.0,30.0
IC00801,LOT01,MICROCONTROLLER,125.52,10.252,10.642,10.678,10.777,5.187,5.388,5.674,5.867,10.176,10.181,10.272,10.299,50.0,50.0,30.0
IC01511,LOT11,SRAM,123.21,8.991,9.245,9.713,10.007,5.049,5.304,5.53,5.739,8.944,8.986,9.037,9.172,50.0,50.0,30.0
IC01015,LOT15,MIXED_SIGNAL_IC,126.45,9.804,10.069,10.219,10.409,4.699,4.956,5.212,5.582,9.348,9.443,9.499,9.522,50.0,50.0,30.0
IC00025,LOT05,MIXED_SIGNAL_IC,125.11,9.479,9.59,9.849,10.276,4.607,4.772,4.949,5.236,9.005,9.062,9.175,9.342,50.0,50.0,30.0
IC01483,LOT03,MICROCONTROLLER,123.56,10.48,10.877,11.193,11.39,5.258,5.499,5.793,5.901,10.923,11.01,11.08,11.195,50.0,50.0,30.0
IC01877,LOT17,SRAM,126.46,9.47,9.744,10.191,10.371,5.076,5.202,5.482,5.664,9.516,9.489,9.509,9.579,50.0,50.0,30.0
IC01774,LOT14,SRAM,125.22,9.265,9.534,9.894,9.961,4.963,4.971,5.23,5.446,9.898,10.036,10.113,10.163,50.0,50.0,30.0
IC01216,LOT16,CMOS_LOGIC,127.35,9.475,9.831,10.091,10.438,4.76,4.909,4.996,5.249,9.475,9.527,9.617,9.687,50.0,50.0,30.0
IC00024,LOT04,CMOS_LOGIC,129.29,10.622,10.815,11.074,11.292,5.328,5.537,5.727,5.91,10.328,10.365,10.461,10.533,50.0,50.0,30.0
IC00737,LOT17,MIXED_SIGNAL_IC,125.19,9.087,9.587,9.803,10.071,4.694,4.889,5.038,5.271,9.091,9.111,9.121,9.224,50.0,50.0,30.0
IC00608,LOT08,MIXED_SIGNAL_IC,125.24,11.652,11.948,12.428,12.569,4.941,5.21,5.463,5.746,10.477,10.487,10.59,10.654,50.0,50.0,30.0
IC00648,LOT08,SRAM,125.84,10.082,10.362,10.504,10.876,5.356,5.489,5.664,5.955,10.609,10.667,10.719,10.882,50.0,50.0,30.0
IC00757,LOT17,MIXED_SIGNAL_IC,124.07,10.231,10.48,10.802,11.323,4.687,4.838,5.037,5.241,9.532,9.517,9.578,9.615,50.0,50.0,30.0
IC01349,LOT09,SRAM,121.05,9.681,9.977,10.194,10.507,4.724,4.846,5.105,5.374,9.965,9.995,10.029,10.125,50.0,50.0,30.0
IC00308,LOT08,MIXED_SIGNAL_IC,127.54,11.274,11.589,11.721,11.926,4.938,5.063,5.167,5.339,10.298,10.376,10.404,10.424,50.0,50.0,30.0
IC00971,LOT11,SRAM,123.56,9.532,9.829,10.045,10.161,4.348,4.481,4.633,5.023,9.507,9.559,9.615,9.684,50.0,50.0,30.0
IC01420,LOT20,CMOS_LOGIC,127.22,9.656,9.692,9.854,10.067,4.793,5.014,5.136,5.404,10.0,10.045,10.167,10.297,50.0,50.0,30.0
IC01783,LOT03,CMOS_LOGIC,124.2,10.709,11.221,11.368,11.806,5.362,5.379,5.47,5.768,11.037,11.104,11.208,11.284,50.0,50.0,30.0
IC00654,LOT14,CMOS_LOGIC,127.19,9.709,9.985,10.362,10.588,4.445,4.643,4.843,5.079,9.444,9.504,9.569,9.647,50.0,50.0,30.0
IC01726,LOT06,SRAM,126.27,9.122,9.586,9.713,9.875,4.713,4.839,4.945,5.246,8.861,8.873,8.973,9.119,50.0,50.0,30.0
IC01903,LOT03,MIXED_SIGNAL_IC,123.75,10.972,11.425,11.723,12.142,5.408,5.586,5.714,5.997,10.809,10.815,10.846,10.96,50.0,50.0,30.0
IC01500,LOT20,CMOS_LOGIC,126.18,9.81,10.171,10.544,10.949,4.814,4.948,5.174,5.557,9.392,9.484,9.533,9.506,50.0,50.0,30.0
IC00409,LOT09,MIXED_SIGNAL_IC,128.8,11.066,11.18,11.369,11.556,5.371,5.595,5.779,6.045,11.314,11.389,11.411,11.48,50.0,50.0,30.0
IC00892,LOT12,MICROCONTROLLER,123.48,10.216,13.205,18.543,31.47,5.23,7.112,11.01,18.829,10.673,11.227,13.866,18.18,50.0,50.0,30.0
IC01081,LOT01,CMOS_LOGIC,125.64,8.938,9.074,9.316,9.621,5.162,5.333,5.563,5.759,10.641,10.693,10.842,10.963,50.0,50.0,30.0
IC01673,LOT13,SRAM,122.48,10.924,11.092,11.253,11.601,4.86,4.936,5.222,5.472,10.752,10.75,10.89,10.977,50.0,50.0,30.0
IC01223,LOT03,SRAM,125.08,11.285,11.735,11.784,12.154,4.935,5.011,5.208,5.448,10.597,10.678,10.782,10.895,50.0,50.0,30.0
IC01156,LOT16,MIXED_SIGNAL_IC,123.84,10.057,10.586,10.7,11.153,4.772,4.838,4.964,5.15,9.876,9.946,10.028,10.119,50.0,50.0,30.0
IC01289,LOT09,MIXED_SIGNAL_IC,126.56,9.542,9.63,9.89,10.138,5.137,5.314,5.571,5.658,9.863,9.904,10.025,10.197,50.0,50.0,30.0
IC00178,LOT18,SRAM,126.92,9.812,9.949,10.284,10.585,5.313,5.526,5.577,5.715,9.711,9.761,9.858,10.001,50.0,50.0,30.0
IC01737,LOT17,MICROCONTROLLER,128.8,10.419,13.181,19.784,30.293,5.02,6.371,10.985,19.419,9.506,10.326,11.602,14.247,50.0,50.0,30.0
IC01998,LOT18,CMOS_LOGIC,122.6,10.202,10.518,10.722,11.233,5.079,5.286,5.58,5.832,9.673,9.756,9.84,10.013,50.0,50.0,30.0
IC00252,LOT12,SRAM,128.94,10.447,10.606,10.832,11.38,5.905,5.946,6.072,6.442,10.699,10.823,10.899,10.937,50.0,50.0,30.0
IC00105,LOT05,SRAM,125.62,9.609,10.045,10.389,10.676,4.932,5.156,5.281,5.531,9.738,9.85,9.88,9.946,50.0,50.0,30.0
IC00425,LOT05,MICROCONTROLLER,125.33,9.849,10.255,10.593,10.835,5.032,5.084,5.247,5.586,9.689,9.723,9.798,9.839,50.0,50.0,30.0
IC00878,LOT18,SRAM,127.26,10.66,10.859,10.952,11.205,5.479,5.674,6.002,6.286,10.287,10.384,10.454,10.585,50.0,50.0,30.0
IC00431,LOT11,CMOS_LOGIC,127.19,9.868,10.124,10.263,10.536,4.397,4.516,4.722,5.053,8.987,9.04,9.126,9.173,50.0,50.0,30.0
IC00990,LOT10,SRAM,125.02,11.151,11.312,11.457,11.848,5.245,5.513,5.81,5.952,10.148,10.232,10.286,10.357,50.0,50.0,30.0
IC01947,LOT07,MICROCONTROLLER,127.04,9.469,12.773,20.875,29.334,4.726,6.177,9.769,17.326,9.771,10.857,12.473,16.3,50.0,50.0,30.0
IC00663,LOT03,SRAM,122.81,10.51,10.861,11.11,11.278,5.019,5.268,5.414,5.713,9.69,9.725,9.867,9.955,50.0,50.0,30.0
IC00463,LOT03,CMOS_LOGIC,127.82,10.258,10.583,10.863,11.197,5.231,5.411,5.554,5.782,10.731,10.793,10.88,10.957,50.0,50.0,30.0
IC00983,LOT03,CMOS_LOGIC,121.0,10.111,10.323,10.557,10.858,4.976,5.113,5.407,5.627,10.88,10.959,11.042,11.19,50.0,50.0,30.0
IC01249,LOT09,CMOS_LOGIC,124.51,10.168,10.464,10.788,10.988,4.719,4.932,5.084,5.42,9.359,9.378,9.352,9.483,50.0,50.0,30.0
IC01933,LOT13,MICROCONTROLLER,121.84,10.286,10.692,10.998,11.354,5.081,5.12,5.292,5.642,10.097,10.163,10.196,10.38,50.0,50.0,30.0
IC01181,LOT01,SRAM,123.39,9.954,10.219,10.374,10.781,4.399,4.481,4.634,4.978,9.674,9.693,9.786,9.886,50.0,50.0,30.0
IC01925,LOT05,MIXED_SIGNAL_IC,122.87,9.939,10.162,10.346,10.489,4.782,4.913,5.114,5.473,9.139,9.193,9.303,9.389,50.0,50.0,30.0
IC01814,LOT14,MIXED_SIGNAL_IC,128.03,10.311,10.763,10.846,11.023,4.673,4.822,5.025,5.271,9.799,9.837,9.904,10.023,50.0,50.0,30.0
IC00570,LOT10,MIXED_SIGNAL_IC,128.65,10.495,10.933,11.08,11.301,5.675,5.786,5.98,6.234,10.67,10.733,10.892,11.028,50.0,50.0,30.0
IC01030,LOT10,MICROCONTROLLER,120.76,9.784,10.138,10.311,10.475,5.198,5.378,5.588,5.828,10.509,10.632,10.674,10.862,50.0,50.0,30.0
IC00777,LOT17,MIXED_SIGNAL_IC,125.67,10.101,10.439,10.7,10.945,4.648,4.851,5.033,5.235,9.734,9.714,9.723,9.834,50.0,50.0,30.0
IC00907,LOT07,CMOS_LOGIC,126.74,9.543,9.828,9.942,10.372,4.448,4.583,4.705,4.947,9.036,9.105,9.156,9.156,50.0,50.0,30.0
IC00921,LOT01,SRAM,127.97,9.788,10.104,10.305,10.425,4.94,5.083,5.21,5.466,9.991,9.997,10.092,10.276,50.0,50.0,30.0
IC01766,LOT06,SRAM,121.26,9.445,9.705,9.891,10.333,4.662,4.815,5.016,5.201,9.304,9.381,9.421,9.543,50.0,50.0,30.0
IC01364,LOT04,MICROCONTROLLER,123.31,9.436,9.455,9.896,10.217,4.923,5.155,5.293,5.583,10.293,10.346,10.459,10.547,50.0,50.0,30.0
IC01048,LOT08,MICROCONTROLLER,125.56,10.684,10.871,11.135,11.269,5.059,5.277,5.552,5.835,10.152,10.234,10.317,10.44,50.0,50.0,30.0
IC01953,LOT13,CMOS_LOGIC,126.03,10.584,10.81,10.725,11.141,5.541,5.668,5.783,5.976,11.452,11.439,11.587,11.76,50.0,50.0,30.0
IC01605,LOT05,MICROCONTROLLER,124.08,9.187,9.548,9.951,10.207,4.69,4.703,4.891,5.073,9.118,9.16,9.231,9.288,50.0,50.0,30.0
IC00973,LOT13,SRAM,127.32,10.524,10.926,11.061,11.342,5.137,5.233,5.371,5.382,10.994,11.003,11.076,11.035,50.0,50.0,30.0
IC01634,LOT14,CMOS_LOGIC,123.49,9.0,9.407,9.735,9.988,4.555,4.641,4.933,5.314,9.778,9.807,9.881,9.907,50.0,50.0,30.0
IC01798,LOT18,SRAM,126.47,10.88,11.163,11.657,12.035,5.01,5.155,5.271,5.537,10.497,10.514,10.612,10.745,50.0,50.0,30.0
IC00979,LOT19,MIXED_SIGNAL_IC,124.15,9.564,9.771,10.106,10.338,4.664,4.846,4.982,5.33,9.956,9.986,10.07,10.111,50.0,50.0,30.0
IC01664,LOT04,CMOS_LOGIC,123.44,10.585,10.993,11.219,11.354,4.533,4.629,4.746,4.947,10.072,10.076,10.162,10.234,50.0,50.0,30.0
IC01043,LOT03,SRAM,127.27,10.322,10.678,11.206,11.389,4.949,5.12,5.348,5.682,10.709,10.78,10.849,10.895,50.0,50.0,30.0
IC01962,LOT02,CMOS_LOGIC,123.83,10.601,10.971,11.317,11.789,5.095,5.273,5.482,5.778,10.402,10.441,10.51,10.521,50.0,50.0,30.0
IC00995,LOT15,MIXED_SIGNAL_IC,125.7,9.708,13.329,20.923,33.308,4.618,6.189,11.254,20.607,9.671,10.321,12.395,16.797,50.0,50.0,30.0
IC01573,LOT13,CMOS_LOGIC,125.01,10.668,10.822,11.422,11.918,5.119,5.234,5.48,5.618,11.552,11.626,11.719,11.862,50.0,50.0,30.0
IC00362,LOT02,MIXED_SIGNAL_IC,125.6,10.81,11.063,11.16,11.408,4.84,4.876,4.988,5.25,11.101,11.16,11.252,11.352,50.0,50.0,30.0
IC01092,LOT12,MICROCONTROLLER,124.1,10.343,10.645,10.814,11.184,5.576,5.594,5.678,5.88,10.002,10.073,10.162,10.314,50.0,50.0,30.0
IC01393,LOT13,MICROCONTROLLER,123.41,11.025,11.302,11.579,11.93,5.018,5.055,5.339,5.626,10.229,10.314,10.298,10.44,50.0,50.0,30.0
IC01863,LOT03,SRAM,125.26,10.613,11.127,11.387,11.69,5.081,5.136,5.376,5.584,9.763,9.792,9.888,9.994,50.0,50.0,30.0
IC00065,LOT05,MICROCONTROLLER,125.46,9.402,9.608,9.784,10.055,5.104,5.219,5.349,5.612,9.581,9.622,9.709,9.869,50.0,50.0,30.0
IC00657,LOT17,SRAM,127.34,9.879,10.32,10.468,10.575,4.949,5.035,5.308,5.594,9.592,9.695,9.722,9.938,50.0,50.0,30.0
IC00538,LOT18,MICROCONTROLLER,125.13,9.353,9.506,9.66,9.967,5.22,5.426,5.729,5.969,10.101,10.096,10.186,10.375,50.0,50.0,30.0
IC00271,LOT11,CMOS_LOGIC,124.35,9.585,9.939,10.074,10.23,4.71,4.963,5.151,5.386,9.284,9.29,9.311,9.406,50.0,50.0,30.0
IC00529,LOT09,CMOS_LOGIC,121.98,9.28,9.706,9.831,10.445,5.178,5.352,5.592,5.78,9.852,9.896,9.972,10.162,50.0,50.0,30.0
IC01086,LOT06,MICROCONTROLLER,124.98,8.939,9.334,9.696,10.04,4.946,5.196,5.334,5.545,9.293,9.352,9.467,9.576,50.0,50.0,30.0
IC00784,LOT04,MIXED_SIGNAL_IC,125.72,10.95,14.801,21.588,30.454,5.048,6.12,9.982,15.698,10.41,11.3,12.833,14.931,50.0,50.0,30.0
IC01836,LOT16,SRAM,126.76,10.62,11.121,11.226,11.662,4.644,4.758,4.866,5.252,9.367,9.454,9.571,9.689,50.0,50.0,30.0
IC00933,LOT13,SRAM,125.58,10.19,10.512,10.824,10.961,5.414,5.56,5.696,6.036,9.912,9.954,10.093,10.259,50.0,50.0,30.0
IC01952,LOT12,CMOS_LOGIC,122.61,10.657,10.876,10.976,11.133,5.192,5.276,5.508,5.79,10.545,10.584,10.656,10.814,50.0,50.0,30.0
IC00475,LOT15,MICROCONTROLLER,126.41,9.401,9.617,9.806,9.83,4.942,5.137,5.354,5.716,9.716,9.75,9.866,9.913,50.0,50.0,30.0
IC01856,LOT16,SRAM,126.04,9.494,9.827,9.976,10.264,4.44,4.64,4.936,5.313,9.894,10.016,10.042,10.107,50.0,50.0,30.0
IC00873,LOT13,CMOS_LOGIC,124.65,10.652,10.881,11.201,11.607,5.767,5.877,6.127,6.258,10.839,10.861,10.884,10.974,50.0,50.0,30.0
IC01402,LOT02,CMOS_LOGIC,124.83,9.904,10.196,10.68,11.09,5.121,5.288,5.469,5.853,10.82,10.868,10.962,11.064,50.0,50.0,30.0
IC01363,LOT03,MICROCONTROLLER,126.56,10.253,10.563,10.554,10.928,5.163,5.28,5.424,5.723,10.778,10.833,10.911,11.016,50.0,50.0,30.0
IC00899,LOT19,SRAM,124.31,10.057,10.272,10.544,11.062,5.323,5.425,5.628,5.984,9.512,9.564,9.685,9.883,50.0,50.0,30.0
IC01194,LOT14,SRAM,124.07,9.303,9.561,9.786,9.923,4.778,4.878,5.106,5.357,9.149,9.187,9.23,9.409,50.0,50.0,30.0
IC02000,LOT20,SRAM,122.58,10.067,10.309,10.495,10.739,4.656,4.892,5.122,5.365,9.326,9.406,9.482,9.543,50.0,50.0,30.0
IC01890,LOT10,MICROCONTROLLER,123.73,10.082,10.346,10.38,10.424,5.284,5.586,5.652,5.908,11.065,11.055,11.103,11.171,50.0,50.0,30.0
IC00210,LOT10,SRAM,126.4,9.879,10.237,10.289,10.59,5.273,5.547,5.721,6.037,10.371,10.453,10.568,10.676,50.0,50.0,30.0
IC00231,LOT11,CMOS_LOGIC,126.37,9.26,9.652,9.75,10.007,4.929,5.063,5.217,5.494,9.709,9.696,9.843,10.003,50.0,50.0,30.0
IC01919,LOT19,CMOS_LOGIC,125.4,10.098,10.314,10.715,11.088,4.743,4.866,5.027,5.29,9.652,9.766,9.836,9.843,50.0,50.0,30.0
IC01748,LOT08,CMOS_LOGIC,130.17,11.453,11.66,11.852,12.02,5.528,5.722,5.771,6.097,10.745,10.792,10.893,11.024,50.0,50.0,30.0
IC00023,LOT03,CMOS_LOGIC,123.75,9.696,9.925,10.139,10.39,4.526,4.735,4.942,5.214,10.292,10.288,10.233,10.389,50.0,50.0,30.0
IC01010,LOT10,SRAM,123.56,11.516,11.953,12.267,12.562,5.301,5.47,5.73,6.091,10.498,10.487,10.492,10.659,50.0,50.0,30.0
IC00379,LOT19,MICROCONTROLLER,127.18,9.847,10.065,10.175,10.127,4.765,4.91,5.079,5.303,9.692,9.701,9.814,10.035,50.0,50.0,30.0
IC01767,LOT07,SRAM,125.96,9.869,10.221,10.821,66.413,4.501,4.752,5.159,55.498,9.118,9.166,9.395,40.776,50.0,50.0,30.0
IC00056,LOT16,SRAM,126.26,9.959,10.101,10.324,10.751,4.35,4.507,4.765,5.064,9.924,10.025,10.148,10.225,50.0,50.0,30.0
IC00812,LOT12,SRAM,127.66,10.578,11.038,11.181,11.717,5.448,5.554,5.665,5.823,10.654,10.66,10.73,10.807,50.0,50.0,30.0
IC00791,LOT11,MICROCONTROLLER,127.87,9.809,9.942,10.219,10.525,4.467,4.596,4.941,5.154,8.947,9.005,9.077,9.275,50.0,50.0,30.0
IC00451,LOT11,CMOS_LOGIC,124.34,9.866,10.106,10.457,10.651,4.138,4.312,4.551,4.822,9.145,9.241,9.403,9.509,50.0,50.0,30.0
IC00936,LOT16,CMOS_LOGIC,127.54,9.731,9.995,10.574,10.93,4.786,5.034,5.185,5.4,9.9,9.94,10.119,10.208,50.0,50.0,30.0
IC00458,LOT18,MIXED_SIGNAL_IC,123.79,9.421,9.717,9.967,10.455,5.105,5.197,5.518,5.846,10.586,10.599,10.652,10.726,50.0,50.0,30.0
IC01985,LOT05,CMOS_LOGIC,124.11,9.159,9.283,9.555,10.144,5.01,5.109,5.318,5.58,9.206,9.331,9.373,9.52,50.0,50.0,30.0
IC01572,LOT12,CMOS_LOGIC,126.57,10.963,11.273,11.436,11.856,4.841,4.895,5.135,5.274,10.265,10.301,10.339,10.534,50.0,50.0,30.0
IC01147,LOT07,MIXED_SIGNAL_IC,125.99,8.883,9.103,9.535,9.825,4.835,4.977,5.171,5.547,8.757,8.777,8.884,8.997,50.0,50.0,30.0
IC00887,LOT07,MICROCONTROLLER,125.66,9.211,9.47,9.8,10.111,4.817,4.906,5.109,5.47,9.243,9.323,9.464,9.527,50.0,50.0,30.0
IC00009,LOT09,MICROCONTROLLER,122.7,10.398,10.695,11.092,11.345,4.878,5.002,5.228,5.633,10.194,10.247,10.31,10.453,50.0,50.0,30.0
IC01116,LOT16,SRAM,125.4,9.714,10.018,10.119,10.288,4.832,4.961,5.263,5.542,8.937,9.005,9.115,9.172,50.0,50.0,30.0
IC00881,LOT01,MIXED_SIGNAL_IC,122.1,9.559,9.667,9.867,10.376,4.302,4.455,4.73,5.008,9.939,9.949,10.058,10.155,50.0,50.0,30.0
IC01649,LOT09,MIXED_SIGNAL_IC,124.93,11.254,11.775,11.892,12.344,5.273,5.372,5.579,5.699,10.237,10.271,10.404,10.479,50.0,50.0,30.0
IC00272,LOT12,MIXED_SIGNAL_IC,124.67,10.84,11.252,11.234,11.593,5.14,5.238,5.402,5.58,10.188,10.296,10.376,10.516,50.0,50.0,30.0
IC00490,LOT10,MICROCONTROLLER,125.59,11.208,11.62,11.657,11.888,5.279,5.413,5.569,5.773,9.931,10.055,10.101,10.323,50.0,50.0,30.0
IC00011,LOT11,MIXED_SIGNAL_IC,125.37,9.663,9.936,10.599,67.126,4.659,4.896,5.288,71.273,9.052,9.141,9.409,40.584,50.0,50.0,30.0
IC01730,LOT10,MICROCONTROLLER,128.1,10.28,10.644,10.985,11.141,4.855,4.915,5.134,5.399,10.691,10.726,10.864,10.964,50.0,50.0,30.0
IC01405,LOT05,CMOS_LOGIC,126.8,9.466,9.893,10.028,10.043,4.727,4.866,5.042,5.328,8.833,8.909,8.956,9.192,50.0,50.0,30.0
IC00337,LOT17,SRAM,123.89,8.786,9.08,9.358,10.045,5.083,5.285,5.412,5.528,9.721,9.813,9.928,10.056,50.0,50.0,30.0
IC00012,LOT12,CMOS_LOGIC,128.58,11.821,12.2,12.333,12.728,5.582,5.802,5.944,6.271,10.451,10.517,10.63,10.825,50.0,50.0,30.0
IC00819,LOT19,SRAM,123.63,10.074,10.254,10.52,10.704,4.514,4.527,4.758,5.056,10.535,10.518,10.642,10.716,50.0,50.0,30.0
IC00850,LOT10,CMOS_LOGIC,124.9,9.432,9.812,10.058,10.303,5.142,5.357,5.569,5.958,11.02,11.003,11.099,11.171,50.0,50.0,30.0
IC00390,LOT10,SRAM,126.52,10.592,10.829,10.995,11.18,5.291,5.416,5.538,5.805,9.448,9.529,9.636,9.729,50.0,50.0,30.0
IC01251,LOT11,CMOS_LOGIC,123.69,9.537,9.602,9.929,10.26,4.948,5.128,5.485,5.714,9.26,9.248,9.379,9.39,50.0,50.0,30.0
IC00736,LOT16,SRAM,127.17,9.768,10.037,10.429,10.6,4.891,5.07,5.294,5.548,9.621,9.703,9.784,9.857,50.0,50.0,30.0
IC00964,LOT04,SRAM,121.53,10.169,10.46,10.881,11.047,4.688,4.852,4.991,5.103,10.054,10.127,10.234,10.362,50.0,50.0,30.0
IC00607,LOT07,MIXED_SIGNAL_IC,125.78,9.33,9.672,9.872,10.165,4.678,4.897,5.063,5.344,9.215,9.166,9.238,9.314,50.0,50.0,30.0
IC00980,LOT20,MIXED_SIGNAL_IC,124.97,10.322,10.845,11.485,55.838,4.515,4.805,5.005,61.79,10.01,10.109,10.25,37.439,50.0,50.0,30.0
IC00303,LOT03,MIXED_SIGNAL_IC,123.41,10.624,12.832,19.013,27.466,5.133,7.135,10.602,19.861,10.252,11.324,12.549,16.788,50.0,50.0,30.0
IC00005,LOT05,SRAM,124.85,9.047,9.387,9.471,9.738,4.907,5.054,5.321,5.714,9.241,9.314,9.406,9.454,50.0,50.0,30.0
IC00945,LOT05,CMOS_LOGIC,121.25,9.773,10.13,10.369,10.467,4.534,4.61,4.748,5.043,9.394,9.389,9.432,9.475,50.0,50.0,30.0
IC00254,LOT14,MIXED_SIGNAL_IC,122.87,10.229,10.543,10.793,11.066,4.381,4.59,4.727,4.982,8.847,8.883,8.927,9.024,50.0,50.0,30.0
IC01107,LOT07,MIXED_SIGNAL_IC,127.6,8.96,9.306,9.437,9.59,4.542,4.629,4.779,5.069,9.096,9.183,9.298,9.397,50.0,50.0,30.0
IC00417,LOT17,MIXED_SIGNAL_IC,123.31,9.739,10.136,10.542,10.735,5.09,5.323,5.667,5.979,9.126,9.2,9.235,9.389,50.0,50.0,30.0
IC01207,LOT07,SRAM,125.19,9.338,9.506,9.814,10.136,4.519,4.641,4.885,5.181,9.359,9.413,9.528,9.684,50.0,50.0,30.0
IC01499,LOT19,MIXED_SIGNAL_IC,127.42,10.248,10.55,10.981,11.327,4.986,5.143,5.376,5.662,9.992,10.038,10.065,10.17,50.0,50.0,30.0
IC00923,LOT03,MICROCONTROLLER,120.54,9.171,11.474,17.459,26.927,5.214,7.126,11.433,18.962,10.4,11.355,14.277,18.189,50.0,50.0,30.0
IC00481,LOT01,SRAM,127.37,9.558,9.844,9.811,10.189,5.022,5.193,5.4,5.632,10.557,10.575,10.716,10.724,50.0,50.0,30.0
IC00209,LOT09,MICROCONTROLLER,123.88,9.196,9.662,9.876,10.091,4.537,4.661,4.92,5.134,10.321,10.384,10.466,10.562,50.0,50.0,30.0
IC00856,LOT16,SRAM,130.09,10.433,13.246,21.71,34.404,4.789,7.278,13.635,18.665,9.568,10.102,11.567,14.44,50.0,50.0,30.0
IC00600,LOT20,SRAM,123.69,9.899,10.146,10.502,10.844,4.869,5.053,5.28,5.66,9.17,9.229,9.294,9.348,50.0,50.0,30.0
IC00118,LOT18,CMOS_LOGIC,125.53,10.041,10.318,10.686,11.129,4.763,5.069,5.309,5.585,10.212,10.269,10.335,10.452,50.0,50.0,30.0
IC00524,LOT04,SRAM,127.96,9.792,10.002,10.279,10.345,4.889,4.972,5.28,5.456,10.116,10.216,10.31,10.32,50.0,50.0,30.0
IC01474,LOT14,MICROCONTROLLER,121.13,9.814,10.045,10.157,10.292,4.855,5.004,5.056,5.386,8.763,8.843,8.988,9.034,50.0,50.0,30.0
IC01277,LOT17,SRAM,126.81,10.46,10.769,11.096,11.324,5.294,5.557,5.759,5.967,9.407,9.46,9.511,9.612,50.0,50.0,30.0
IC00345,LOT05,MIXED_SIGNAL_IC,124.07,9.275,9.562,9.807,9.741,5.077,5.202,5.302,5.563,9.598,9.638,9.683,9.789,50.0,50.0,30.0
IC01412,LOT12,CMOS_LOGIC,126.85,10.83,11.155,11.507,11.818,5.357,5.488,5.744,6.007,10.919,10.884,10.95,11.024,50.0,50.0,30.0
IC00099,LOT19,MIXED_SIGNAL_IC,128.12,10.001,10.448,10.684,10.995,5.072,5.223,5.385,5.573,10.293,10.252,10.289,10.3,50.0,50.0,30.0
IC00211,LOT11,CMOS_LOGIC,124.61,9.832,13.544,19.971,31.759,4.803,6.245,10.291,15.827,8.906,9.714,12.227,16.578,50.0,50.0,30.0
IC01787,LOT07,MICROCONTROLLER,126.35,9.771,13.248,22.145,35.093,4.927,7.425,13.542,21.74,8.615,9.12,11.579,14.175,50.0,50.0,30.0
IC00877,LOT17,MICROCONTROLLER,124.52,9.594,9.869,10.191,10.282,4.684,4.804,5.149,5.384,9.321,9.377,9.531,9.647,50.0,50.0,30.0
IC01958,LOT18,MICROCONTROLLER,128.87,10.338,10.698,10.831,11.304,5.097,5.16,5.364,5.436,9.575,9.539,9.585,9.65,50.0,50.0,30.0
IC00314,LOT14,SRAM,127.61,9.463,9.745,10.13,10.474,4.671,4.784,5.007,5.185,9.834,9.922,9.946,10.107,50.0,50.0,30.0
IC00858,LOT18,CMOS_LOGIC,126.57,10.329,10.769,11.051,11.496,4.918,5.199,5.361,5.539,10.593,10.62,10.646,10.776,50.0,50.0,30.0
IC00266,LOT06,SRAM,125.43,9.227,9.452,9.772,10.131,4.345,4.559,4.675,4.74,8.874,8.958,9.005,9.004,50.0,50.0,30.0
IC01628,LOT08,SRAM,124.15,10.625,10.798,11.216,11.543,5.114,5.312,5.564,5.637,11.347,11.396,11.466,11.509,50.0,50.0,30.0
IC01935,LOT15,SRAM,123.67,8.86,9.115,9.482,9.928,5.036,5.182,5.42,5.628,9.787,9.889,9.951,10.067,50.0,50.0,30.0
IC00352,LOT12,MICROCONTROLLER,128.53,11.123,11.452,11.547,11.83,5.315,5.531,5.578,5.95,10.733,10.828,10.889,11.016,50.0,50.0,30.0
IC01205,LOT05,MIXED_SIGNAL_IC,121.6,9.437,9.759,10.024,10.048,4.381,4.498,4.601,4.741,9.366,9.423,9.48,9.562,50.0,50.0,30.0
IC01749,LOT09,SRAM,125.23,9.638,10.18,10.634,10.985,5.501,5.674,5.828,6.184,10.156,10.191,10.203,10.361,50.0,50.0,30.0
IC01512,LOT12,SRAM,127.47,11.019,11.523,11.912,12.412,5.532,5.75,5.885,6.162,10.361,10.435,10.461,10.503,50.0,50.0,30.0
IC01129,LOT09,MIXED_SIGNAL_IC,124.19,10.197,10.537,10.764,11.016,4.825,4.937,5.092,5.244,10.413,10.501,10.599,10.703,50.0,50.0,30.0
IC00903,LOT03,CMOS_LOGIC,124.89,11.201,11.522,11.851,11.978,4.68,4.765,4.918,5.185,10.584,10.605,10.672,10.813,50.0,50.0,30.0
IC01650,LOT10,CMOS_LOGIC,127.35,10.643,11.023,11.518,62.287,5.228,5.405,5.613,56.534,10.375,10.469,10.488,40.388,50.0,50.0,30.0
IC00021,LOT01,CMOS_LOGIC,122.71,9.968,10.281,10.48,10.927,4.722,4.795,5.104,5.275,9.279,9.279,9.326,9.524,50.0,50.0,30.0
IC01724,LOT04,MICROCONTROLLER,128.15,9.595,9.927,10.162,10.481,5.408,5.657,6.07,6.189,9.883,9.972,10.046,10.198,50.0,50.0,30.0
IC00049,LOT09,CMOS_LOGIC,125.41,10.229,10.493,10.913,11.228,5.042,5.177,5.449,5.569,10.361,10.425,10.506,10.535,50.0,50.0,30.0
IC00547,LOT07,MIXED_SIGNAL_IC,123.67,8.609,10.845,16.07,26.13,4.898,6.766,11.141,19.03,8.7,9.561,11.995,15.619,50.0,50.0,30.0
IC00185,LOT05,MIXED_SIGNAL_IC,124.74,9.272,12.956,19.449,30.609,4.982,6.125,9.488,14.731,9.306,10.213,12.18,15.55,50.0,50.0,30.0
IC00503,LOT03,SRAM,127.84,9.859,10.239,10.542,10.961,5.162,5.42,5.621,5.839,11.037,11.126,11.199,11.253,50.0,50.0,30.0
IC01047,LOT07,CMOS_LOGIC,123.4,9.629,9.85,10.012,10.14,4.3,4.418,4.606,4.871,9.224,9.274,9.396,9.451,50.0,50.0,30.0
IC00078,LOT18,SRAM,125.1,9.733,12.365,19.394,27.602,5.206,6.428,12.881,22.707,10.015,10.519,13.432,17.03,50.0,50.0,30.0
IC00453,LOT13,SRAM,121.77,10.023,10.244,10.401,10.815,5.442,5.487,5.802,6.027,10.047,10.122,10.223,10.33,50.0,50.0,30.0
IC00258,LOT18,CMOS_LOGIC,126.35,9.968,13.686,20.687,32.061,5.161,6.519,12.172,20.972,9.926,10.645,12.584,15.109,50.0,50.0,30.0
IC00543,LOT03,MIXED_SIGNAL_IC,126.48,10.011,10.305,10.368,10.796,5.602,5.724,5.927,6.174,10.47,10.424,10.472,10.594,50.0,50.0,30.0
IC00189,LOT09,MIXED_SIGNAL_IC,121.47,9.886,10.228,10.474,10.854,5.163,5.355,5.51,5.796,10.204,10.246,10.267,10.338,50.0,50.0,30.0
IC01303,LOT03,MIXED_SIGNAL_IC,127.24,10.417,10.787,10.991,11.313,5.645,5.782,6.022,6.182,10.413,10.466,10.552,10.672,50.0,50.0,30.0
IC01321,LOT01,MICROCONTROLLER,126.94,9.592,10.069,10.406,64.638,5.073,5.209,5.498,65.561,9.973,10.066,10.223,40.905,50.0,50.0,30.0
IC01406,LOT06,SRAM,120.79,9.303,9.426,9.699,9.983,4.482,4.612,4.836,5.102,9.779,9.847,9.933,10.054,50.0,50.0,30.0
IC01899,LOT19,MICROCONTROLLER,123.49,10.393,13.077,20.814,32.492,4.42,5.954,8.978,14.012,9.619,10.496,12.688,16.078,50.0,50.0,30.0
IC00205,LOT05,CMOS_LOGIC,126.73,10.165,10.445,10.767,11.041,5.206,5.468,5.747,6.057,9.555,9.61,9.674,9.809,50.0,50.0,30.0
IC00642,LOT02,MIXED_SIGNAL_IC,124.33,11.129,11.629,11.82,65.985,5.415,5.626,5.949,64.744,10.607,10.687,11.006,46.377,50.0,50.0,30.0
IC00418,LOT18,CMOS_LOGIC,126.35,10.898,11.241,11.347,11.468,4.737,4.76,5.01,5.216,9.885,10.052,10.092,10.146,50.0,50.0,30.0
IC01878,LOT18,MIXED_SIGNAL_IC,126.98,10.556,10.821,11.135,11.254,5.281,5.366,5.496,5.603,9.953,10.046,10.047,10.164,50.0,50.0,30.0
IC00355,LOT15,CMOS_LOGIC,127.02,9.046,9.219,9.519,9.839,4.764,5.084,5.36,5.636,9.56,9.608,9.729,9.783,50.0,50.0,30.0
IC01648,LOT08,MIXED_SIGNAL_IC,126.52,10.537,10.925,11.223,11.495,5.076,5.205,5.4,5.498,10.92,10.969,11.109,11.198,50.0,50.0,30.0
IC00793,LOT13,MIXED_SIGNAL_IC,126.23,10.106,10.293,10.43,10.752,5.389,5.552,5.846,6.035,10.896,10.931,11.125,11.135,50.0,50.0,30.0
IC00992,LOT12,MICROCONTROLLER,122.03,9.623,10.092,10.239,10.406,5.655,5.692,5.935,6.192,10.364,10.436,10.522,10.621,50.0,50.0,30.0
IC00594,LOT14,SRAM,121.7,9.726,9.988,10.403,10.799,4.504,4.477,4.607,4.932,9.788,9.844,9.883,9.951,50.0,50.0,30.0
IC00955,LOT15,MICROCONTROLLER,123.75,9.601,9.923,10.166,10.606,4.876,4.984,5.198,5.602,8.862,8.911,8.937,9.146,50.0,50.0,30.0
IC01522,LOT02,CMOS_LOGIC,126.17,10.323,10.794,10.822,11.176,4.75,4.974,5.063,5.457,10.443,10.49,10.624,10.738,50.0,50.0,30.0
IC00836,LOT16,MICROCONTROLLER,127.28,9.706,10.139,10.498,10.81,4.549,4.683,4.813,5.045,9.648,9.645,9.712,9.721,50.0,50.0,30.0
IC00186,LOT06,MIXED_SIGNAL_IC,126.5,9.773,10.242,10.575,10.822,4.851,4.972,5.193,5.48,9.22,9.278,9.37,9.555,50.0,50.0,30.0
IC01146,LOT06,MICROCONTROLLER,124.2,9.998,10.089,10.589,11.063,4.617,4.741,4.997,5.268,8.781,8.882,8.919,8.967,50.0,50.0,30.0
IC01097,LOT17,MICROCONTROLLER,126.61,9.209,9.579,10.062,57.068,5.234,5.52,5.72,52.985,9.925,10.082,10.232,38.831,50.0,50.0,30.0
IC00904,LOT04,MIXED_SIGNAL_IC,124.38,10.054,10.256,10.409,10.74,5.091,5.313,5.537,5.858,9.868,9.915,10.001,10.183,50.0,50.0,30.0
IC01505,LOT05,CMOS_LOGIC,124.55,9.937,10.292,10.549,10.911,4.504,4.725,4.931,5.131,9.103,9.162,9.302,9.404,50.0,50.0,30.0
IC00693,LOT13,SRAM,125.59,9.223,9.39,9.608,9.689,5.237,5.338,5.412,5.672,10.141,10.195,10.261,10.411,50.0,50.0,30.0
IC00343,LOT03,MIXED_SIGNAL_IC,126.47,10.605,10.762,11.156,11.356,5.154,5.269,5.344,5.592,10.252,10.289,10.376,10.418,50.0,50.0,30.0
IC00368,LOT08,CMOS_LOGIC,125.87,11.026,11.331,11.753,12.123,5.45,5.573,5.741,5.947,10.781,10.857,10.912,10.99,50.0,50.0,30.0
IC00316,LOT16,SRAM,124.77,9.199,9.2,9.474,9.847,4.728,4.894,4.957,5.179,9.133,9.094,9.229,9.275,50.0,50.0,30.0
IC00401,LOT01,MICROCONTROLLER,123.76,9.368,9.79,9.962,10.303,4.993,5.14,5.449,5.732,9.522,9.627,9.712,9.803,50.0,50.0,30.0
IC01915,LOT15,CMOS_LOGIC,126.52,9.818,9.921,10.13,10.355,4.706,4.883,5.046,5.393,9.45,9.516,9.604,9.739,50.0,50.0,30.0
IC00027,LOT07,MIXED_SIGNAL_IC,119.87,9.57,9.838,10.076,10.477,4.562,4.648,4.798,4.971,9.226,9.334,9.386,9.479,50.0,50.0,30.0
IC00349,LOT09,MICROCONTROLLER,124.5,9.739,10.045,10.412,10.816,5.014,5.118,5.316,5.63,10.008,10.1,10.153,10.289,50.0,50.0,30.0
IC01341,LOT01,MICROCONTROLLER,123.51,9.396,9.57,9.69,9.784,4.657,4.844,4.988,5.266,9.986,9.984,9.999,10.135,50.0,50.0,30.0
IC00341,LOT01,MIXED_SIGNAL_IC,122.98,9.664,9.698,9.9,10.254,4.922,4.941,5.234,5.515,10.096,10.19,10.247,10.325,50.0,50.0,30.0
IC00318,LOT18,CMOS_LOGIC,126.06,9.986,10.043,10.317,10.579,5.338,5.412,5.635,5.846,10.293,10.324,10.408,10.477,50.0,50.0,30.0
IC01442,LOT02,MIXED_SIGNAL_IC,127.39,11.532,11.906,11.808,12.172,5.364,5.592,5.63,5.848,10.474,10.459,10.539,10.751,50.0,50.0,30.0
IC01313,LOT13,MICROCONTROLLER,125.04,10.958,11.325,11.493,11.773,5.462,5.64,5.837,6.007,10.117,10.183,10.255,10.349,50.0,50.0,30.0
IC00935,LOT15,CMOS_LOGIC,122.09,9.328,9.747,10.191,10.277,4.371,4.474,4.584,4.862,9.354,9.348,9.47,9.63,50.0,50.0,30.0
IC01837,LOT17,MIXED_SIGNAL_IC,121.92,9.084,9.366,9.655,10.009,5.103,5.181,5.5,5.79,10.007,10.063,10.182,10.298,50.0,50.0,30.0
IC00359,LOT19,MICROCONTROLLER,125.95,9.751,12.265,20.468,31.629,5.504,7.259,10.469,20.049,10.172,11.102,12.649,16.165,50.0,50.0,30.0
IC00109,LOT09,SRAM,126.02,9.811,10.041,10.135,10.267,5.53,5.512,5.76,6.002,10.466,10.552,10.689,10.794,50.0,50.0,30.0
IC00393,LOT13,MICROCONTROLLER,122.42,10.564,10.781,11.052,11.07,5.426,5.681,5.831,6.006,9.82,9.862,9.948,10.01,50.0,50.0,30.0
IC00839,LOT19,MIXED_SIGNAL_IC,124.86,9.797,9.881,10.178,10.271,4.959,5.134,5.32,5.657,10.021,10.044,10.155,10.197,50.0,50.0,30.0
IC01320,LOT20,MICROCONTROLLER,123.46,10.232,13.51,22.019,32.643,4.73,6.29,12.324,18.876,9.06,9.616,11.617,15.579,50.0,50.0,30.0
IC01399,LOT19,SRAM,126.08,10.265,13.045,21.322,29.382,5.032,7.242,10.715,17.167,9.72,10.898,12.191,15.063,50.0,50.0,30.0
IC00450,LOT10,MIXED_SIGNAL_IC,123.45,11.374,11.619,11.745,12.095,4.937,5.09,5.353,5.668,10.241,10.327,10.37,10.502,50.0,50.0,30.0
IC00508,LOT08,MIXED_SIGNAL_IC,127.19,10.745,11.149,11.342,11.843,4.836,4.898,5.182,5.486,10.699,10.68,10.868,10.965,50.0,50.0,30.0
IC00329,LOT09,SRAM,123.4,9.615,9.915,10.363,10.69,5.088,5.177,5.445,5.724,9.876,9.881,9.896,9.947,50.0,50.0,30.0
IC00954,LOT14,MICROCONTROLLER,123.2,9.26,9.46,9.606,9.911,4.694,4.908,5.084,5.154,9.058,9.1,9.174,9.263,50.0,50.0,30.0
IC01467,LOT07,SRAM,123.81,9.411,9.939,10.075,10.261,4.338,4.414,4.598,4.77,9.316,9.327,9.416,9.443,50.0,50.0,30.0
IC00771,LOT11,SRAM,125.88,10.064,10.286,10.407,10.588,4.592,4.669,4.658,4.896,9.282,9.376,9.416,9.644,50.0,50.0,30.0
IC01844,LOT04,SRAM,124.76,10.475,10.791,10.91,11.494,5.138,5.258,5.488,5.686,10.283,10.242,10.285,10.312,50.0,50.0,30.0
IC01304,LOT04,CMOS_LOGIC,123.5,10.504,10.939,11.05,11.478,5.195,5.293,5.656,5.835,10.27,10.273,10.341,10.494,50.0,50.0,30.0
IC01389,LOT09,MICROCONTROLLER,123.75,10.855,11.281,11.613,11.932,4.484,4.573,4.91,5.258,10.684,10.744,10.835,10.93,50.0,50.0,30.0
IC00874,LOT14,MIXED_SIGNAL_IC,124.43,9.746,9.844,10.009,10.407,5.323,5.543,5.654,5.961,9.803,9.775,9.852,10.007,50.0,50.0,30.0
IC00553,LOT13,MIXED_SIGNAL_IC,126.09,10.66,10.862,11.27,11.471,5.522,5.726,6.018,6.261,11.048,11.065,11.122,11.24,50.0,50.0,30.0
IC01100,LOT20,MIXED_SIGNAL_IC,123.77,9.615,9.939,10.092,10.538,4.994,5.094,5.271,5.496,9.473,9.508,9.617,9.701,50.0,50.0,30.0
IC00018,LOT18,MICROCONTROLLER,124.03,9.653,9.915,10.203,10.31,5.416,5.622,5.911,6.191,9.884,10.0,10.027,10.219,50.0,50.0,30.0
IC01534,LOT14,SRAM,124.65,9.347,9.654,10.069,10.391,4.642,4.746,5.035,5.302,9.978,10.066,10.104,10.256,50.0,50.0,30.0
IC00599,LOT19,MICROCONTROLLER,124.48,10.763,11.057,11.433,11.976,4.667,4.899,5.094,5.524,9.626,9.698,9.739,9.844,50.0,50.0,30.0
IC01314,LOT14,MIXED_SIGNAL_IC,121.97,9.587,9.957,10.102,10.419,4.726,4.804,5.009,5.249,9.343,9.361,9.447,9.555,50.0,50.0,30.0
IC01528,LOT08,CMOS_LOGIC,125.69,10.097,10.582,11.023,11.046,5.067,5.232,5.207,5.521,10.664,10.759,10.838,10.942,50.0,50.0,30.0
IC01153,LOT13,MICROCONTROLLER,124.15,10.651,10.98,11.242,11.731,5.49,5.569,5.744,6.037,10.456,10.507,10.567,10.571,50.0,50.0,30.0
IC00071,LOT11,SRAM,126.75,9.726,9.893,10.253,10.62,4.67,4.826,5.007,5.274,8.847,8.932,9.071,9.247,50.0,50.0,30.0
IC01720,LOT20,SRAM,124.17,10.118,10.42,10.696,11.203,4.802,4.95,5.113,5.398,9.864,9.845,9.856,9.95,50.0,50.0,30.0
IC00846,LOT06,MIXED_SIGNAL_IC,125.08,9.963,10.355,10.542,10.85,4.868,5.011,5.283,5.429,9.13,9.089,9.16,9.283,50.0,50.0,30.0
IC00388,LOT08,MICROCONTROLLER,121.94,10.997,13.38,21.455,30.783,4.879,7.03,10.751,17.359,10.352,11.178,14.076,18.405,50.0,50.0,30.0
IC01880,LOT20,CMOS_LOGIC,124.14,10.298,10.663,11.012,11.362,4.936,5.041,5.366,5.635,9.659,9.79,9.877,9.965,50.0,50.0,30.0
IC00225,LOT05,MICROCONTROLLER,122.2,9.369,9.585,9.707,9.963,4.4,4.537,4.747,4.957,9.243,9.252,9.293,9.454,50.0,50.0,30.0
IC01310,LOT10,CMOS_LOGIC,127.12,10.309,10.606,10.955,11.153,5.514,5.606,5.788,5.998,10.508,10.526,10.679,10.888,50.0,50.0,30.0
IC00319,LOT19,MIXED_SIGNAL_IC,125.14,9.422,9.527,9.728,10.089,4.508,4.705,4.952,5.228,10.015,10.02,10.139,10.185,50.0,50.0,30.0
IC00708,LOT08,CMOS_LOGIC,122.94,10.606,11.042,11.349,56.898,5.234,5.438,5.686,59.696,10.516,10.624,10.845,47.336,50.0,50.0,30.0
IC00601,LOT01,MICROCONTROLLER,124.13,10.325,10.646,10.782,11.074,4.827,4.958,5.234,5.404,9.765,9.814,9.867,10.06,50.0,50.0,30.0
IC01546,LOT06,MICROCONTROLLER,122.29,9.495,9.85,10.028,10.282,5.239,5.368,5.655,5.921,9.244,9.196,9.279,9.331,50.0,50.0,30.0
IC01239,LOT19,MICROCONTROLLER,125.49,9.78,9.992,10.282,10.527,5.199,5.318,5.601,5.838,9.955,10.091,10.2,10.262,50.0,50.0,30.0
IC00433,LOT13,CMOS_LOGIC,126.94,10.708,11.067,11.191,11.353,5.255,5.4,5.602,5.913,10.89,10.96,11.099,11.175,50.0,50.0,30.0
IC01617,LOT17,MICROCONTROLLER,124.07,9.668,9.805,9.854,10.189,4.746,4.876,4.996,5.243,10.089,10.15,10.279,10.286,50.0,50.0,30.0
IC01606,LOT06,MICROCONTROLLER,124.13,9.34,9.716,10.035,10.36,4.77,4.997,5.175,5.402,9.772,9.746,9.868,9.964,50.0,50.0,30.0
IC01094,LOT14,CMOS_LOGIC,125.07,9.981,10.234,10.304,10.609,4.66,4.857,5.014,5.2,9.355,9.466,9.489,9.485,50.0,50.0,30.0
IC00101,LOT01,MICROCONTROLLER,128.6,9.46,9.784,10.137,10.182,5.061,5.144,5.318,5.593,9.652,9.695,9.773,9.976,50.0,50.0,30.0
IC00193,LOT13,MICROCONTROLLER,119.97,9.689,9.99,10.326,10.738,5.129,5.257,5.421,5.683,10.726,10.783,10.865,10.97,50.0,50.0,30.0
IC01924,LOT04,CMOS_LOGIC,124.47,9.914,10.182,10.495,10.749,5.038,5.145,5.423,5.698,10.388,10.468,10.54,10.68,50.0,50.0,30.0
IC01639,LOT19,SRAM,124.75,9.637,9.801,10.216,10.521,4.854,5.085,5.202,5.358,10.009,10.102,10.156,10.207,50.0,50.0,30.0
IC01973,LOT13,SRAM,123.82,10.709,10.966,11.318,11.46,5.323,5.493,5.686,5.934,10.256,10.295,10.392,10.413,50.0,50.0,30.0
IC00629,LOT09,MIXED_SIGNAL_IC,124.81,10.416,10.888,10.983,11.446,4.981,5.211,5.413,5.737,10.592,10.683,10.753,10.845,50.0,50.0,30.0
IC00683,LOT03,MIXED_SIGNAL_IC,124.06,10.552,10.897,11.117,11.462,5.15,5.374,5.521,5.866,10.396,10.436,10.501,10.636,50.0,50.0,30.0
IC01761,LOT01,MIXED_SIGNAL_IC,124.36,9.512,9.627,9.788,10.151,4.469,4.708,4.982,5.267,9.368,9.433,9.509,9.604,50.0,50.0,30.0
IC01493,LOT13,MICROCONTROLLER,125.34,10.349,10.726,11.074,11.374,5.508,5.599,5.713,6.055,10.547,10.622,10.741,10.875,50.0,50.0,30.0
IC01744,LOT04,SRAM,123.53,10.485,10.687,11.099,11.317,5.163,5.358,5.635,5.958,9.786,9.826,9.889,9.943,50.0,50.0,30.0
IC00687,LOT07,MICROCONTROLLER,127.27,9.961,10.282,10.827,11.18,4.703,4.929,5.112,5.379,9.764,9.839,9.952,10.05,50.0,50.0,30.0
IC00592,LOT12,MIXED_SIGNAL_IC,121.24,10.102,10.443,10.74,11.088,5.985,6.093,6.17,6.376,10.912,10.961,11.015,11.051,50.0,50.0,30.0
IC00117,LOT17,MICROCONTROLLER,126.31,10.083,10.229,10.428,10.739,4.803,5.034,5.178,5.384,9.747,9.835,9.88,10.037,50.0,50.0,30.0
IC00292,LOT12,MICROCONTROLLER,126.14,10.459,10.747,10.968,11.127,5.553,5.696,5.876,6.097,10.301,10.334,10.473,10.555,50.0,50.0,30.0
IC00492,LOT12,SRAM,123.35,11.568,14.951,23.485,33.963,5.364,6.834,12.472,18.572,11.133,11.905,14.663,18.474,50.0,50.0,30.0
IC00537,LOT17,MIXED_SIGNAL_IC,129.54,9.887,10.218,10.614,10.75,4.726,4.9,5.095,5.282,10.046,10.064,10.153,10.284,50.0,50.0,30.0
IC01927,LOT07,MIXED_SIGNAL_IC,120.1,8.546,8.845,8.861,8.934,4.83,4.968,5.392,5.597,8.759,8.836,8.897,9.048,50.0,50.0,30.0
IC01359,LOT19,MIXED_SIGNAL_IC,122.67,9.781,10.218,10.629,10.964,4.515,4.692,4.87,5.069,9.609,9.682,9.744,9.929,50.0,50.0,30.0
IC01680,LOT20,MICROCONTROLLER,124.59,9.459,9.684,9.978,10.371,4.541,4.634,4.777,4.885,9.198,9.257,9.307,9.49,50.0,50.0,30.0
IC01988,LOT08,SRAM,126.4,10.708,10.989,11.356,11.737,5.33,5.515,5.633,6.114,10.462,10.554,10.655,10.697,50.0,50.0,30.0
IC01647,LOT07,CMOS_LOGIC,125.51,9.132,9.435,9.78,10.013,4.551,4.683,4.938,5.129,9.87,9.934,9.986,10.112,50.0,50.0,30.0
IC01747,LOT07,MIXED_SIGNAL_IC,124.48,9.235,9.661,9.783,9.971,4.4,4.471,4.653,4.901,9.579,9.632,9.658,9.722,50.0,50.0,30.0
IC01242,LOT02,CMOS_LOGIC,122.71,10.251,10.92,10.908,11.373,5.54,5.667,5.754,5.961,10.582,10.643,10.764,10.95,50.0,50.0,30.0
IC01435,LOT15,CMOS_LOGIC,128.09,9.162,9.417,9.61,9.987,4.818,4.982,5.128,5.15,9.64,9.665,9.691,9.745,50.0,50.0,30.0
IC00927,LOT07,MICROCONTROLLER,123.83,9.859,10.27,10.543,10.938,4.481,4.63,4.922,5.103,9.412,9.519,9.57,9.671,50.0,50.0,30.0
IC00246,LOT06,SRAM,123.37,9.924,10.293,10.36,10.87,4.744,4.897,5.137,5.28,9.796,9.866,9.99,10.187,50.0,50.0,30.0
IC01752,LOT12,MICROCONTROLLER,125.96,10.614,10.823,11.201,11.506,5.293,5.527,5.826,5.973,10.871,10.983,11.101,11.193,50.0,50.0,30.0
IC01905,LOT05,MICROCONTROLLER,123.61,9.57,10.036,10.235,10.493,4.653,4.787,5.096,5.355,9.136,9.184,9.299,9.287,50.0,50.0,30.0
IC01112,LOT12,SRAM,122.31,11.154,11.295,11.35,11.678,5.052,5.181,5.442,5.667,10.188,10.142,10.24,10.238,50.0,50.0,30.0
IC01151,LOT11,SRAM,124.55,9.832,10.092,10.121,10.571,4.685,4.886,5.094,5.307,9.478,9.552,9.614,9.757,50.0,50.0,30.0
IC00249,LOT09,SRAM,126.57,10.739,11.156,11.261,11.699,5.153,5.26,5.584,5.754,10.094,10.13,10.212,10.315,50.0,50.0,30.0
IC00187,LOT07,MIXED_SIGNAL_IC,127.14,10.043,13.468,20.013,30.956,4.746,6.024,11.124,20.431,9.127,10.235,12.739,16.603,50.0,50.0,30.0
IC01809,LOT09,MIXED_SIGNAL_IC,118.99,9.649,10.024,10.199,10.424,4.846,5.012,5.249,5.515,9.827,9.882,9.943,10.044,50.0,50.0,30.0
IC01273,LOT13,CMOS_LOGIC,123.89,10.179,10.571,10.695,11.018,5.238,5.276,5.318,5.582,11.289,11.368,11.51,11.629,50.0,50.0,30.0
IC01757,LOT17,CMOS_LOGIC,126.2,9.829,10.112,10.267,10.57,4.672,4.896,5.139,5.374,9.903,9.905,10.014,10.138,50.0,50.0,30.0
IC01544,LOT04,CMOS_LOGIC,132.22,11.015,11.281,11.462,11.875,5.12,5.347,5.54,5.784,10.748,10.849,10.975,11.126,50.0,50.0,30.0
IC01024,LOT04,MICROCONTROLLER,122.46,10.596,12.822,18.084,29.863,4.858,6.104,12.303,19.143,9.732,10.701,12.307,14.908,50.0,50.0,30.0
IC00987,LOT07,CMOS_LOGIC,129.02,10.11,10.366,10.734,11.114,4.523,4.71,4.853,5.157,9.398,9.485,9.591,9.627,50.0,50.0,30.0
IC01823,LOT03,MICROCONTROLLER,125.85,9.882,10.265,10.605,10.878,4.802,4.971,5.136,5.328,10.092,10.158,10.264,10.454,50.0,50.0,30.0
IC00593,LOT13,MICROCONTROLLER,123.5,10.1,10.428,10.725,11.076,5.193,5.274,5.482,5.858,10.154,10.234,10.318,10.321,50.0,50.0,30.0
IC00967,LOT07,SRAM,123.59,8.655,9.038,9.172,9.398,4.598,4.696,4.811,5.0,8.893,8.941,9.017,9.106,50.0,50.0,30.0
IC00776,LOT16,CMOS_LOGIC,127.84,8.759,9.146,9.28,9.605,4.567,4.697,4.822,5.138,9.3,9.379,9.404,9.529,50.0,50.0,30.0
IC00572,LOT12,MIXED_SIGNAL_IC,122.86,10.698,11.085,11.345,11.439,5.415,5.51,5.674,5.919,10.291,10.417,10.506,10.564,50.0,50.0,30.0
IC00224,LOT04,MICROCONTROLLER,122.22,10.078,10.373,10.416,10.895,4.919,5.072,5.303,5.629,10.014,10.023,10.122,10.208,50.0,50.0,30.0
IC00333,LOT13,SRAM,124.72,11.118,11.406,11.768,11.91,5.308,5.448,5.63,5.871,10.733,10.83,10.906,10.991,50.0,50.0,30.0
IC01290,LOT10,MICROCONTROLLER,121.34,10.048,10.241,10.29,10.677,5.149,5.217,5.516,5.794,9.575,9.663,9.717,9.761,50.0,50.0,30.0
IC01250,LOT10,CMOS_LOGIC,123.15,9.591,9.936,10.237,10.269,5.454,5.591,5.724,5.885,10.44,10.47,10.583,10.698,50.0,50.0,30.0
IC01426,LOT06,MICROCONTROLLER,124.0,9.71,9.92,10.046,10.432,4.455,4.625,4.892,5.184,9.629,9.649,9.732,9.838,50.0,50.0,30.0
IC01868,LOT08,MIXED_SIGNAL_IC,124.76,10.38,12.807,21.047,30.146,5.255,6.27,11.048,19.681,11.099,11.844,14.392,17.488,50.0,50.0,30.0
IC01717,LOT17,SRAM,121.5,9.248,9.834,10.291,64.737,4.689,4.832,5.216,57.136,9.383,9.416,9.535,38.736,50.0,50.0,30.0
IC01780,LOT20,MIXED_SIGNAL_IC,127.19,10.498,10.835,10.973,11.351,4.597,4.728,4.975,5.272,9.63,9.67,9.818,9.885,50.0,50.0,30.0
IC01103,LOT03,MIXED_SIGNAL_IC,128.01,10.415,12.917,20.608,33.52,5.269,6.983,10.551,16.067,11.272,11.961,14.186,18.553,50.0,50.0,30.0
IC01891,LOT11,SRAM,125.3,9.14,12.718,18.279,27.617,4.337,5.78,10.092,17.2,9.031,9.922,12.829,15.447,50.0,50.0,30.0
IC00365,LOT05,SRAM,126.41,9.653,13.357,19.784,29.091,5.202,7.622,13.164,19.262,9.462,10.276,12.91,16.277,50.0,50.0,30.0
IC00614,LOT14,SRAM,125.5,9.434,9.736,9.867,9.897,4.745,4.921,5.133,5.333,9.695,9.68,9.785,9.872,50.0,50.0,30.0
IC01214,LOT14,MICROCONTROLLER,124.04,9.675,10.263,10.649,57.953,4.906,5.183,5.534,52.194,9.49,9.603,9.83,39.733,50.0,50.0,30.0
IC00119,LOT19,MIXED_SIGNAL_IC,124.41,9.995,12.503,20.78,33.18,4.828,6.616,10.471,16.036,9.409,9.97,12.464,15.515,50.0,50.0,30.0
IC01637,LOT17,MICROCONTROLLER,124.2,10.008,10.335,10.631,10.96,4.679,4.952,5.084,5.279,10.461,10.506,10.609,10.716,50.0,50.0,30.0
IC00177,LOT17,CMOS_LOGIC,122.96,9.626,13.279,20.064,32.093,4.563,5.575,11.811,19.027,9.896,10.783,12.442,16.298,50.0,50.0,30.0
IC00407,LOT07,SRAM,124.51,9.48,9.856,10.092,10.36,4.994,5.156,5.358,5.586,9.157,9.205,9.302,9.427,50.0,50.0,30.0
IC01568,LOT08,SRAM,123.09,10.603,10.752,10.89,11.064,4.928,5.067,5.243,5.492,10.735,10.748,10.869,11.01,50.0,50.0,30.0
IC01347,LOT07,CMOS_LOGIC,125.54,9.829,10.192,10.343,10.395,4.479,4.744,4.867,5.185,9.287,9.365,9.413,9.611,50.0,50.0,30.0
IC01260,LOT20,CMOS_LOGIC,121.87,9.642,9.846,10.108,10.583,4.948,5.106,5.347,5.605,9.128,9.214,9.372,9.45,50.0,50.0,30.0
IC00920,LOT20,SRAM,126.96,9.553,9.844,10.091,10.584,5.028,5.109,5.279,5.402,9.595,9.65,9.705,9.78,50.0,50.0,30.0
IC01839,LOT19,SRAM,126.37,10.836,11.331,11.572,11.899,5.021,5.168,5.253,5.422,9.704,9.743,9.862,9.939,50.0,50.0,30.0
IC01541,LOT01,MIXED_SIGNAL_IC,122.36,10.169,10.515,10.876,11.037,4.753,4.951,5.183,5.602,10.238,10.309,10.415,10.474,50.0,50.0,30.0
IC00588,LOT08,MIXED_SIGNAL_IC,117.33,10.832,11.075,11.24,11.748,4.935,5.17,5.398,5.61,10.083,10.106,10.216,10.331,50.0,50.0,30.0
IC01256,LOT16,SRAM,125.79,9.513,10.054,10.44,10.696,5.011,5.161,5.338,5.491,10.153,10.191,10.307,10.364,50.0,50.0,30.0
IC00630,LOT10,CMOS_LOGIC,126.18,10.521,11.064,11.422,11.677,5.356,5.41,5.703,6.048,10.249,10.287,10.381,10.474,50.0,50.0,30.0
IC01847,LOT07,MICROCONTROLLER,122.34,9.214,9.497,9.538,9.9,4.558,4.752,4.87,4.996,8.999,9.005,9.107,9.194,50.0,50.0,30.0
IC00912,LOT12,SRAM,123.1,9.334,9.47,9.768,9.986,5.312,5.44,5.706,5.972,11.096,11.065,11.106,11.255,50.0,50.0,30.0
IC01014,LOT14,CMOS_LOGIC,126.87,10.088,10.604,10.826,11.082,4.532,4.719,4.957,5.191,10.183,10.183,10.276,10.403,50.0,50.0,30.0
IC00988,LOT08,SRAM,124.7,10.802,11.1,11.373,11.783,5.372,5.563,5.844,6.092,11.113,11.073,11.2,11.288,50.0,50.0,30.0
IC01187,LOT07,MICROCONTROLLER,125.82,9.282,9.728,9.97,10.422,4.371,4.497,4.67,4.886,8.932,8.863,8.963,9.058,50.0,50.0,30.0
IC01826,LOT06,SRAM,126.12,9.911,10.166,10.336,10.527,4.57,4.768,4.96,5.31,9.176,9.192,9.203,9.311,50.0,50.0,30.0
IC01198,LOT18,MIXED_SIGNAL_IC,125.99,10.094,12.903,18.825,27.988,5.27,7.263,12.017,20.312,10.089,11.069,12.31,14.445,50.0,50.0,30.0
IC00697,LOT17,MICROCONTROLLER,124.5,9.846,12.366,19.572,29.83,5.021,6.045,11.929,21.323,9.544,10.522,12.696,17.097,50.0,50.0,30.0
IC01400,LOT20,SRAM,126.66,9.97,10.284,10.53,10.848,4.788,4.882,5.059,5.288,9.682,9.778,9.83,9.918,50.0,50.0,30.0
IC01387,LOT07,SRAM,122.72,8.826,9.246,9.755,10.095,4.818,4.951,5.217,5.42,9.402,9.47,9.592,9.733,50.0,50.0,30.0
IC00175,LOT15,SRAM,121.65,9.403,9.596,10.028,65.994,4.911,5.179,5.44,72.881,9.117,9.196,9.505,48.106,50.0,50.0,30.0
IC01186,LOT06,CMOS_LOGIC,126.08,9.22,9.732,9.993,10.102,4.954,5.134,5.365,5.58,9.074,9.162,9.217,9.349,50.0,50.0,30.0
IC00234,LOT14,MICROCONTROLLER,127.33,9.089,9.417,9.744,10.018,4.603,4.701,4.962,5.27,9.501,9.515,9.649,9.807,50.0,50.0,30.0
IC01686,LOT06,CMOS_LOGIC,123.45,9.483,9.706,9.992,10.351,4.281,4.397,4.541,4.782,9.74,9.822,9.896,10.027,50.0,50.0,30.0
IC00166,LOT06,MIXED_SIGNAL_IC,123.58,10.006,10.413,10.732,11.092,4.341,4.494,4.695,4.892,9.278,9.356,9.453,9.578,50.0,50.0,30.0
IC00779,LOT19,SRAM,124.96,11.128,13.359,18.77,30.542,5.141,6.473,9.571,19.469,9.634,10.82,12.701,14.765,50.0,50.0,30.0
IC01804,LOT04,MICROCONTROLLER,130.1,10.197,10.502,10.739,10.818,5.052,5.253,5.438,5.697,10.588,10.608,10.652,10.827,50.0,50.0,30.0
IC00444,LOT04,SRAM,127.17,9.75,9.834,9.894,10.133,5.113,5.24,5.337,5.669,9.567,9.567,9.592,9.697,50.0,50.0,30.0
IC01490,LOT10,SRAM,123.34,10.565,10.963,11.137,11.473,4.816,4.999,5.096,5.264,10.262,10.22,10.31,10.504,50.0,50.0,30.0
IC00495,LOT15,CMOS_LOGIC,123.77,9.769,10.175,10.435,10.731,4.556,4.778,4.981,5.188,9.493,9.503,9.634,9.718,50.0,50.0,30.0
IC00017,LOT17,CMOS_LOGIC,125.3,9.76,9.995,10.338,10.632,4.366,4.547,4.72,5.005,9.843,9.96,10.01,10.105,50.0,50.0,30.0
IC01697,LOT17,MICROCONTROLLER,124.78,10.303,10.519,10.832,10.998,5.249,5.369,5.422,5.564,10.006,10.071,10.17,10.293,50.0,50.0,30.0
IC00731,LOT11,MIXED_SIGNAL_IC,123.36,9.431,9.709,10.022,10.428,4.822,4.894,5.116,5.334,9.091,9.145,9.211,9.274,50.0,50.0,30.0
IC00704,LOT04,MIXED_SIGNAL_IC,123.44,10.347,10.818,11.424,57.515,5.566,5.68,5.939,74.739,10.308,10.449,10.654,46.893,50.0,50.0,30.0
IC01603,LOT03,MIXED_SIGNAL_IC,122.55,9.747,10.188,10.177,10.457,5.613,5.728,5.959,6.274,9.798,9.926,9.984,10.047,50.0,50.0,30.0
IC01183,LOT03,SRAM,124.27,10.243,10.774,11.563,50.241,4.975,5.266,5.634,65.773,10.925,11.057,11.152,46.958,50.0,50.0,30.0
IC00216,LOT16,MIXED_SIGNAL_IC,124.42,9.279,9.523,9.724,10.163,4.866,4.904,5.077,5.342,9.869,9.937,9.997,10.099,50.0,50.0,30.0
IC00796,LOT16,SRAM,122.92,9.886,9.956,10.309,10.65,4.747,5.007,5.287,5.289,9.284,9.391,9.519,9.583,50.0,50.0,30.0
IC01612,LOT12,MIXED_SIGNAL_IC,126.3,10.752,11.315,11.753,12.158,5.423,5.608,5.773,6.047,11.271,11.285,11.38,11.502,50.0,50.0,30.0
IC01243,LOT03,CMOS_LOGIC,127.84,10.649,10.68,10.874,11.07,4.844,4.992,5.364,5.677,10.2,10.311,10.424,10.519,50.0,50.0,30.0
IC01022,LOT02,CMOS_LOGIC,124.85,11.244,11.646,11.878,12.288,4.965,5.085,5.22,5.607,11.181,11.21,11.317,11.472,50.0,50.0,30.0
IC00004,LOT04,MIXED_SIGNAL_IC,127.06,10.671,10.79,11.172,11.45,5.068,5.193,5.476,5.654,10.018,10.102,10.193,10.242,50.0,50.0,30.0
IC01529,LOT09,MICROCONTROLLER,129.31,10.017,10.218,10.42,10.676,5.25,5.403,5.683,5.869,10.183,10.24,10.352,10.418,50.0,50.0,30.0
IC01428,LOT08,MIXED_SIGNAL_IC,128.43,9.949,10.214,10.586,10.937,5.472,5.524,5.852,6.026,11.014,11.141,11.215,11.298,50.0,50.0,30.0
IC01706,LOT06,MIXED_SIGNAL_IC,121.81,9.706,10.108,10.302,10.758,4.533,4.681,4.787,4.905,9.563,9.661,9.726,9.766,50.0,50.0,30.0
IC01254,LOT14,MIXED_SIGNAL_IC,127.73,9.254,11.509,16.97,25.766,4.759,6.885,12.373,18.392,9.642,10.735,12.441,16.423,50.0,50.0,30.0
IC01955,LOT15,SRAM,125.51,8.851,9.128,9.439,9.715,4.841,5.076,5.309,5.589,9.541,9.564,9.569,9.709,50.0,50.0,30.0
IC01524,LOT04,MICROCONTROLLER,125.97,10.136,10.412,10.708,10.976,5.418,5.617,5.956,6.381,10.162,10.215,10.309,10.488,50.0,50.0,30.0
IC00905,LOT05,MICROCONTROLLER,126.66,9.282,9.526,10.069,10.456,5.179,5.27,5.483,5.635,9.255,9.315,9.363,9.556,50.0,50.0,30.0
IC00387,LOT07,MIXED_SIGNAL_IC,126.61,8.814,9.143,9.309,9.534,4.535,4.626,4.906,5.089,9.419,9.45,9.511,9.53,50.0,50.0,30.0
IC01210,LOT10,CMOS_LOGIC,125.26,10.852,11.142,11.605,12.01,5.516,5.7,6.037,6.327,10.29,10.26,10.374,10.394,50.0,50.0,30.0
IC00640,LOT20,MIXED_SIGNAL_IC,124.27,9.714,10.074,10.486,10.535,4.062,4.173,4.382,4.678,9.905,9.897,9.994,10.066,50.0,50.0,30.0
IC00853,LOT13,CMOS_LOGIC,125.09,11.071,11.327,11.774,12.055,5.033,5.24,5.418,5.541,10.238,10.241,10.32,10.426,50.0,50.0,30.0
IC00520,LOT20,MIXED_SIGNAL_IC,126.44,10.518,13.47,22.202,30.582,5.372,7.124,12.528,21.488,9.31,10.218,13.054,17.409,50.0,50.0,30.0
IC00623,LOT03,MICROCONTROLLER,125.48,9.691,10.05,10.259,10.469,5.295,5.305,5.51,5.851,10.685,10.739,10.816,10.923,50.0,50.0,30.0
IC01278,LOT18,CMOS_LOGIC,127.55,11.189,11.41,11.631,11.841,5.289,5.413,5.529,5.77,10.335,10.325,10.397,10.434,50.0,50.0,30.0
IC01879,LOT19,SRAM,126.62,10.245,13.332,18.896,28.245,4.69,6.171,12.271,21.105,10.226,11.306,12.6,16.047,50.0,50.0,30.0
IC00015,LOT15,MIXED_SIGNAL_IC,126.27,9.075,9.481,9.677,10.028,4.566,4.672,4.746,5.033,9.196,9.184,9.244,9.307,50.0,50.0,30.0
IC00353,LOT13,SRAM,128.88,9.416,9.802,10.018,10.338,5.592,5.769,5.929,6.338,10.663,10.736,10.868,11.022,50.0,50.0,30.0
IC01800,LOT20,MICROCONTROLLER,125.64,9.548,9.774,9.998,10.396,4.727,4.982,5.22,5.48,9.917,9.947,9.986,10.142,50.0,50.0,30.0
IC00392,LOT12,CMOS_LOGIC,127.18,10.481,10.827,11.176,11.487,5.682,5.797,5.96,6.241,10.624,10.691,10.759,10.728,50.0,50.0,30.0
IC00713,LOT13,MIXED_SIGNAL_IC,125.37,10.637,13.44,21.315,33.695,4.838,6.491,11.365,21.024,10.56,11.135,13.888,16.286,50.0,50.0,30.0
IC00120,LOT20,SRAM,127.17,10.458,10.941,11.311,11.559,4.796,4.971,5.169,5.347,10.165,10.228,10.261,10.42,50.0,50.0,30.0
IC01050,LOT10,SRAM,125.83,10.473,10.826,10.86,11.119,5.411,5.699,5.925,6.205,10.727,10.791,10.888,10.868,50.0,50.0,30.0
IC00087,LOT07,MICROCONTROLLER,126.01,9.179,9.351,9.513,9.88,4.359,4.438,4.689,4.831,9.377,9.454,9.472,9.541,50.0,50.0,30.0
IC00609,LOT09,CMOS_LOGIC,123.25,10.476,10.775,11.032,11.293,4.834,5.017,5.291,5.587,10.203,10.245,10.276,10.277,50.0,50.0,30.0
IC01052,LOT12,MICROCONTROLLER,123.89,11.04,11.283,12.016,54.326,4.705,4.893,5.246,73.676,10.746,10.846,11.128,37.646,50.0,50.0,30.0
IC01561,LOT01,SRAM,127.09,9.812,9.941,10.188,10.317,5.275,5.4,5.448,5.589,9.588,9.687,9.783,9.973,50.0,50.0,30.0
IC00419,LOT19,MIXED_SIGNAL_IC,123.87,9.398,9.568,9.839,10.001,5.439,5.692,5.906,6.078,10.03,10.107,10.176,10.212,50.0,50.0,30.0
IC01704,LOT04,CMOS_LOGIC,125.73,10.37,10.667,10.996,11.519,4.84,5.009,5.279,5.4,9.854,9.984,10.088,10.186,50.0,50.0,30.0
IC01238,LOT18,CMOS_LOGIC,127.75,10.289,10.758,11.0,11.232,4.945,5.078,5.464,5.864,10.699,10.754,10.81,10.916,50.0,50.0,30.0
IC01331,LOT11,MICROCONTROLLER,122.83,9.86,10.145,10.314,10.658,4.366,4.566,4.777,4.998,9.409,9.512,9.647,9.712,50.0,50.0,30.0
IC01434,LOT14,MICROCONTROLLER,125.64,9.239,9.591,9.944,10.167,4.752,4.972,5.266,5.556,10.284,10.33,10.433,10.452,50.0,50.0,30.0
IC00478,LOT18,CMOS_LOGIC,124.45,10.236,10.449,10.589,10.738,5.225,5.362,5.589,5.895,9.068,9.128,9.181,9.3,50.0,50.0,30.0
IC00545,LOT05,CMOS_LOGIC,126.22,9.699,10.061,10.733,68.365,4.953,5.102,5.529,69.792,9.664,9.786,10.032,36.402,50.0,50.0,30.0
IC01027,LOT07,CMOS_LOGIC,126.35,9.079,9.28,9.731,65.543,4.625,4.76,5.181,51.612,9.308,9.395,9.484,49.343,50.0,50.0,30.0
IC00792,LOT12,CMOS_LOGIC,121.02,10.551,13.642,19.362,29.099,5.334,7.731,11.242,19.404,10.36,11.275,12.692,15.507,50.0,50.0,30.0
IC00895,LOT15,SRAM,122.68,9.389,9.632,9.877,10.29,4.383,4.426,4.56,4.8,9.624,9.733,9.872,10.036,50.0,50.0,30.0
IC00278,LOT18,MIXED_SIGNAL_IC,128.52,10.071,10.271,10.504,10.898,4.665,4.833,5.026,5.23,10.446,10.38,10.488,10.575,50.0,50.0,30.0
IC01441,LOT01,CMOS_LOGIC,123.37,10.04,10.153,10.486,10.699,4.849,5.036,5.189,5.496,9.899,9.947,9.99,10.068,50.0,50.0,30.0
IC01357,LOT17,MIXED_SIGNAL_IC,123.7,9.426,10.102,10.315,10.595,4.942,5.158,5.355,5.625,9.73,9.71,9.785,9.85,50.0,50.0,30.0
IC00226,LOT06,MIXED_SIGNAL_IC,122.5,8.542,8.557,8.837,8.995,4.52,4.706,4.956,5.192,9.575,9.619,9.666,9.699,50.0,50.0,30.0
IC00956,LOT16,SRAM,126.05,9.932,10.008,10.229,10.604,4.953,5.161,5.273,5.582,9.251,9.347,9.451,9.572,50.0,50.0,30.0
IC00720,LOT20,CMOS_LOGIC,128.7,9.232,9.511,9.806,10.269,5.432,5.529,5.647,5.93,10.073,10.1,10.089,10.127,50.0,50.0,30.0
IC00963,LOT03,CMOS_LOGIC,124.84,10.169,10.299,10.483,10.777,4.998,5.012,5.206,5.593,10.604,10.671,10.725,10.801,50.0,50.0,30.0
IC01137,LOT17,MIXED_SIGNAL_IC,123.55,10.033,10.307,10.66,10.831,5.255,5.436,5.606,5.891,10.072,10.067,10.123,10.233,50.0,50.0,30.0
IC00288,LOT08,CMOS_LOGIC,123.03,10.596,10.834,10.894,11.187,5.56,5.677,5.995,6.393,10.424,10.425,10.46,10.546,50.0,50.0,30.0
IC00900,LOT20,CMOS_LOGIC,125.8,9.803,10.107,10.271,10.514,4.812,4.955,5.081,5.202,9.181,9.243,9.324,9.424,50.0,50.0,30.0
IC00576,LOT16,SRAM,128.86,9.498,9.63,9.87,10.44,5.299,5.436,5.624,5.758,9.116,9.204,9.322,9.462,50.0,50.0,30.0
IC01416,LOT16,MICROCONTROLLER,128.53,9.52,9.533,9.739,10.28,5.17,5.338,5.479,5.835,9.567,9.651,9.737,9.866,50.0,50.0,30.0
IC00689,LOT09,CMOS_LOGIC,124.56,10.011,10.04,10.089,10.362,4.892,5.018,5.287,5.486,9.915,9.944,10.005,10.095,50.0,50.0,30.0
IC01580,LOT20,MICROCONTROLLER,125.31,10.375,10.509,10.864,11.026,4.691,4.877,5.056,5.324,9.59,9.621,9.709,9.831,50.0,50.0,30.0
IC00080,LOT20,MICROCONTROLLER,123.97,10.105,10.268,10.714,10.876,5.099,5.267,5.414,5.659,9.841,9.904,9.997,10.118,50.0,50.0,30.0
IC00437,LOT17,MICROCONTROLLER,124.76,8.994,9.418,9.881,10.196,4.564,4.643,4.862,5.046,9.737,9.803,9.845,9.84,50.0,50.0,30.0
IC01733,LOT13,SRAM,124.93,10.779,10.92,11.038,11.47,5.272,5.405,5.542,5.859,10.975,11.052,11.052,11.186,50.0,50.0,30.0
IC00008,LOT08,SRAM,121.16,10.411,10.632,10.882,11.24,5.238,5.373,5.533,5.749,10.266,10.329,10.409,10.547,50.0,50.0,30.0
IC00357,LOT17,CMOS_LOGIC,125.14,9.667,9.775,10.201,10.444,4.905,5.072,5.322,5.596,9.509,9.531,9.657,9.783,50.0,50.0,30.0
IC01130,LOT10,MICROCONTROLLER,122.08,10.27,10.692,11.045,11.27,4.935,5.18,5.457,5.857,11.813,11.936,11.957,12.002,50.0,50.0,30.0
IC01157,LOT17,MICROCONTROLLER,124.51,9.711,9.91,10.356,10.849,4.437,4.591,4.824,5.025,8.894,8.943,8.992,9.053,50.0,50.0,30.0
IC00803,LOT03,SRAM,128.07,10.543,10.932,11.222,11.482,5.491,5.601,5.654,5.898,10.157,10.193,10.299,10.426,50.0,50.0,30.0
IC00043,LOT03,MIXED_SIGNAL_IC,127.29,10.46,10.95,11.316,11.703,5.509,5.638,5.808,6.054,10.642,10.765,10.829,10.942,50.0,50.0,30.0
IC00072,LOT12,CMOS_LOGIC,126.4,11.003,11.317,11.681,11.957,5.249,5.478,5.706,6.131,11.224,11.259,11.347,11.396,50.0,50.0,30.0
IC00816,LOT16,MIXED_SIGNAL_IC,125.28,9.676,9.899,10.145,10.384,4.811,4.943,5.202,5.467,9.516,9.59,9.661,9.744,50.0,50.0,30.0
IC01571,LOT11,SRAM,122.05,9.251,9.655,9.954,10.477,4.692,4.854,5.058,5.287,9.301,9.355,9.446,9.552,50.0,50.0,30.0
IC00079,LOT19,CMOS_LOGIC,121.91,9.99,10.202,10.513,10.885,4.989,5.09,5.258,5.461,9.055,9.101,9.18,9.313,50.0,50.0,30.0
IC01725,LOT05,MIXED_SIGNAL_IC,125.84,9.515,9.911,10.239,10.743,4.513,4.728,4.904,5.145,9.213,9.284,9.303,9.431,50.0,50.0,30.0
IC01960,LOT20,SRAM,125.35,10.112,10.434,10.746,11.088,4.636,4.817,5.095,5.267,8.979,9.013,9.042,9.164,50.0,50.0,30.0
IC01397,LOT17,MIXED_SIGNAL_IC,126.34,10.304,10.325,10.454,10.915,4.83,4.949,5.222,5.379,9.185,9.208,9.268,9.379,50.0,50.0,30.0
IC00518,LOT18,CMOS_LOGIC,126.02,10.225,10.509,10.809,67.108,5.113,5.238,5.453,55.796,9.889,9.957,10.181,35.087,50.0,50.0,30.0
IC00646,LOT06,CMOS_LOGIC,127.69,9.273,9.578,9.912,10.159,4.528,4.743,4.963,5.159,9.846,9.895,9.966,10.09,50.0,50.0,30.0
IC00637,LOT17,CMOS_LOGIC,123.12,9.09,9.442,9.824,9.953,4.618,4.773,5.045,5.358,9.166,9.247,9.279,9.418,50.0,50.0,30.0
IC01409,LOT09,MICROCONTROLLER,121.72,9.88,10.068,10.42,10.735,4.726,4.817,5.069,5.281,10.435,10.491,10.562,10.527,50.0,50.0,30.0
IC00635,LOT15,SRAM,121.69,9.784,10.091,10.092,10.134,4.792,5.061,5.296,5.546,9.21,9.245,9.254,9.404,50.0,50.0,30.0
IC00462,LOT02,CMOS_LOGIC,125.23,11.167,11.342,11.53,11.68,5.278,5.496,5.614,5.913,10.117,10.1,10.206,10.299,50.0,50.0,30.0
IC01054,LOT14,CMOS_LOGIC,124.11,8.834,9.115,9.401,9.918,4.48,4.623,4.81,5.156,9.936,9.986,10.079,10.229,50.0,50.0,30.0
IC00149,LOT09,MIXED_SIGNAL_IC,125.44,9.572,9.919,10.245,10.683,4.878,5.063,5.31,5.547,10.685,10.749,10.806,10.889,50.0,50.0,30.0
IC00091,LOT11,MICROCONTROLLER,125.6,9.672,9.833,9.899,10.052,4.56,4.667,4.959,5.212,9.123,9.181,9.257,9.375,50.0,50.0,30.0
IC00309,LOT09,MIXED_SIGNAL_IC,124.55,10.61,10.75,10.902,11.099,5.347,5.488,5.612,5.901,9.794,9.87,9.899,9.968,50.0,50.0,30.0
IC00256,LOT16,SRAM,123.28,9.075,9.247,9.752,10.212,4.564,4.829,4.943,5.199,9.159,9.157,9.209,9.263,50.0,50.0,30.0
IC01096,LOT16,CMOS_LOGIC,124.22,9.085,9.425,9.572,9.877,4.642,4.713,4.852,4.97,9.75,9.817,9.886,9.978,50.0,50.0,30.0
IC00298,LOT18,MICROCONTROLLER,121.27,9.549,10.007,10.227,10.565,4.936,5.1,5.388,5.489,9.129,9.183,9.309,9.404,50.0,50.0,30.0
IC01575,LOT15,MICROCONTROLLER,125.85,9.804,10.051,10.37,10.604,4.806,4.994,5.18,5.469,9.786,9.825,9.894,9.983,50.0,50.0,30.0
IC00991,LOT11,MICROCONTROLLER,124.08,9.166,9.524,9.741,10.076,4.537,4.64,4.872,5.066,9.353,9.434,9.502,9.685,50.0,50.0,30.0
IC01075,LOT15,CMOS_LOGIC,124.04,9.906,10.245,10.665,10.907,4.435,4.631,4.823,4.898,9.414,9.466,9.543,9.664,50.0,50.0,30.0
IC01543,LOT03,CMOS_LOGIC,124.08,10.047,10.353,10.493,10.733,5.41,5.507,5.774,6.147,10.41,10.497,10.585,10.67,50.0,50.0,30.0
IC00568,LOT08,MICROCONTROLLER,125.06,11.213,11.668,11.88,12.252,5.604,5.7,5.91,6.185,10.123,10.113,10.218,10.385,50.0,50.0,30.0
IC01215,LOT15,MICROCONTROLLER,125.83,9.008,11.602,17.07,29.226,4.779,6.791,9.814,17.954,9.773,10.84,13.104,16.166,50.0,50.0,30.0
IC00139,LOT19,SRAM,125.04,10.184,10.474,10.493,11.113,4.933,5.141,5.487,5.644,10.461,10.502,10.609,10.736,50.0,50.0,30.0
IC01498,LOT18,MIXED_SIGNAL_IC,126.8,10.659,10.902,11.128,11.328,5.126,5.294,5.477,5.756,10.311,10.321,10.42,10.528,50.0,50.0,30.0
IC01419,LOT19,MIXED_SIGNAL_IC,122.54,9.614,9.872,9.918,10.289,4.6,4.779,5.013,5.36,9.386,9.475,9.519,9.652,50.0,50.0,30.0
IC01365,LOT05,MIXED_SIGNAL_IC,125.04,8.846,9.083,9.331,9.593,4.793,4.938,5.197,5.501,9.698,9.656,9.776,9.859,50.0,50.0,30.0
IC00291,LOT11,MIXED_SIGNAL_IC,125.39,9.055,9.375,9.508,9.92,4.719,4.921,5.089,5.503,8.803,8.842,8.858,8.919,50.0,50.0,30.0
IC01693,LOT13,SRAM,125.0,11.281,11.675,12.06,12.494,5.584,5.646,5.626,5.92,10.413,10.463,10.554,10.659,50.0,50.0,30.0
IC01631,LOT11,SRAM,127.5,9.623,12.791,18.33,28.932,4.826,5.93,9.578,19.143,8.858,9.442,11.684,14.493,50.0,50.0,30.0
IC00168,LOT08,MIXED_SIGNAL_IC,125.2,9.748,9.885,9.953,10.386,5.405,5.518,5.825,6.032,10.213,10.195,10.23,10.392,50.0,50.0,30.0
IC00190,LOT10,MIXED_SIGNAL_IC,121.87,9.957,10.396,10.727,10.992,5.119,5.241,5.486,5.679,9.762,9.817,9.944,10.003,50.0,50.0,30.0
IC01916,LOT16,CMOS_LOGIC,125.4,9.111,9.411,9.839,10.143,4.801,4.951,5.198,5.545,9.765,9.761,9.796,9.881,50.0,50.0,30.0
IC00236,LOT16,MICROCONTROLLER,122.59,8.947,9.152,9.354,9.544,4.984,5.154,5.475,5.781,9.778,9.869,9.982,10.082,50.0,50.0,30.0
IC01599,LOT19,SRAM,121.55,8.937,9.227,9.41,9.777,4.932,5.082,5.242,5.56,9.027,9.033,9.136,9.339,50.0,50.0,30.0
IC00374,LOT14,CMOS_LOGIC,125.15,9.183,9.203,9.384,9.725,4.926,5.052,5.073,5.429,9.556,9.613,9.71,9.787,50.0,50.0,30.0
IC00129,LOT09,MICROCONTROLLER,125.54,9.984,12.885,21.603,30.429,5.109,6.694,12.249,21.66,10.079,11.049,12.713,16.4,50.0,50.0,30.0
IC01257,LOT17,MICROCONTROLLER,120.44,9.625,9.979,10.152,10.473,4.691,4.788,4.837,5.137,9.426,9.574,9.676,9.774,50.0,50.0,30.0
IC01940,LOT20,MIXED_SIGNAL_IC,121.45,9.54,9.759,10.117,10.503,4.84,4.965,5.07,5.367,9.748,9.877,9.967,10.099,50.0,50.0,30.0
IC01367,LOT07,CMOS_LOGIC,123.44,9.662,10.008,10.291,10.611,4.155,4.272,4.528,4.639,9.563,9.529,9.601,9.708,50.0,50.0,30.0
IC01141,LOT01,MICROCONTROLLER,125.29,9.88,10.262,10.376,10.661,4.507,4.707,4.832,5.008,10.255,10.305,10.368,10.48,50.0,50.0,30.0
IC01148,LOT08,SRAM,122.27,10.154,10.345,10.599,11.196,5.672,5.748,5.985,6.209,10.74,10.818,10.948,11.029,50.0,50.0,30.0
IC00513,LOT13,SRAM,124.24,11.255,11.509,11.747,12.073,5.515,5.613,5.874,6.116,10.631,10.684,10.819,10.925,50.0,50.0,30.0
IC01123,LOT03,CMOS_LOGIC,125.58,9.608,9.858,10.418,53.373,5.296,5.579,5.953,72.53,9.883,9.977,10.165,37.318,50.0,50.0,30.0
IC01975,LOT15,CMOS_LOGIC,128.32,9.327,9.679,9.963,10.118,4.684,4.821,4.915,5.028,9.388,9.454,9.488,9.557,50.0,50.0,30.0
IC00174,LOT14,SRAM,126.08,9.736,9.931,10.386,10.65,4.927,5.173,5.443,5.726,9.347,9.415,9.439,9.549,50.0,50.0,30.0
IC01883,LOT03,MIXED_SIGNAL_IC,123.51,9.485,9.827,10.193,10.546,5.424,5.565,5.78,5.996,9.349,9.395,9.463,9.529,50.0,50.0,30.0
IC00811,LOT11,MIXED_SIGNAL_IC,127.69,9.437,9.726,9.876,10.187,4.46,4.637,4.913,5.077,9.112,9.169,9.247,9.254,50.0,50.0,30.0
IC01002,LOT02,MICROCONTROLLER,121.29,11.398,11.733,11.881,12.084,5.074,5.168,5.363,5.688,10.207,10.317,10.368,10.576,50.0,50.0,30.0
IC01497,LOT17,MIXED_SIGNAL_IC,122.41,9.537,9.977,10.06,10.301,5.025,5.293,5.509,5.72,9.343,9.367,9.413,9.535,50.0,50.0,30.0
IC01857,LOT17,CMOS_LOGIC,122.2,10.329,10.776,11.217,59.66,4.753,4.846,5.207,52.506,9.115,9.215,9.438,49.447,50.0,50.0,30.0
IC01480,LOT20,MIXED_SIGNAL_IC,126.76,9.194,9.588,9.782,10.214,4.914,4.992,5.171,5.446,9.748,9.721,9.781,9.916,50.0,50.0,30.0
IC01734,LOT14,SRAM,124.17,10.236,10.513,10.827,11.218,4.726,4.97,5.206,5.478,9.069,9.101,9.155,9.303,50.0,50.0,30.0
IC01451,LOT11,MICROCONTROLLER,126.58,8.873,9.082,9.245,9.696,4.933,5.047,5.295,5.493,8.833,8.926,9.053,9.236,50.0,50.0,30.0
IC01269,LOT09,SRAM,130.27,11.051,11.346,11.739,11.86,5.359,5.559,5.791,6.145,10.356,10.368,10.507,10.538,50.0,50.0,30.0
IC00229,LOT09,MIXED_SIGNAL_IC,125.02,11.125,11.346,11.548,11.875,5.067,5.166,5.249,5.512,10.026,10.042,9.992,10.12,50.0,50.0,30.0
IC01282,LOT02,CMOS_LOGIC,123.83,11.102,11.51,11.769,12.237,5.214,5.398,5.616,5.885,10.631,10.807,10.846,10.892,50.0,50.0,30.0
IC01632,LOT12,CMOS_LOGIC,126.26,11.074,11.546,11.756,69.239,5.322,5.605,6.028,56.263,10.785,10.872,11.09,48.886,50.0,50.0,30.0
IC01567,LOT07,CMOS_LOGIC,124.76,8.976,9.212,9.545,9.728,4.052,4.213,4.386,4.602,9.169,9.189,9.281,9.373,50.0,50.0,30.0
IC01545,LOT05,MICROCONTROLLER,124.19,9.667,9.989,10.665,54.351,4.763,4.916,5.213,51.603,9.429,9.52,9.795,39.421,50.0,50.0,30.0
IC01258,LOT18,CMOS_LOGIC,126.56,10.622,10.936,11.307,11.74,4.846,4.994,5.214,5.491,10.177,10.136,10.152,10.222,50.0,50.0,30.0
IC01098,LOT18,SRAM,121.39,10.286,10.623,10.777,11.282,5.062,5.292,5.438,5.74,10.146,10.254,10.351,10.441,50.0,50.0,30.0
IC01578,LOT18,CMOS_LOGIC,123.62,10.712,11.075,11.233,11.515,4.775,4.829,5.062,5.191,9.774,9.787,9.916,10.075,50.0,50.0,30.0
IC00861,LOT01,CMOS_LOGIC,124.76,9.865,12.535,18.879,29.592,4.597,5.885,10.766,17.161,9.503,10.205,12.735,14.809,50.0,50.0,30.0
IC01666,LOT06,MICROCONTROLLER,123.24,9.249,9.798,10.003,10.316,5.152,5.334,5.533,5.723,9.748,9.762,9.851,9.897,50.0,50.0,30.0
IC01281,LOT01,MICROCONTROLLER,125.8,9.912,9.917,10.079,10.261,4.975,5.013,5.164,5.563,9.779,9.875,9.922,9.993,50.0,50.0,30.0
IC01864,LOT04,SRAM,123.06,9.67,10.196,10.47,10.757,5.294,5.413,5.491,5.715,10.254,10.293,10.384,10.413,50.0,50.0,30.0
IC00948,LOT08,MIXED_SIGNAL_IC,127.68,10.744,11.048,11.172,11.491,4.966,5.07,5.424,5.77,10.749,10.802,10.865,10.99,50.0,50.0,30.0
IC00432,LOT12,SRAM,121.07,10.303,10.621,11.107,11.333,5.1,5.188,5.338,5.601,10.393,10.467,10.576,10.717,50.0,50.0,30.0
IC00714,LOT14,MIXED_SIGNAL_IC,125.35,9.187,9.607,9.764,9.962,5.062,5.262,5.526,5.844,9.295,9.293,9.354,9.495,50.0,50.0,30.0
IC01657,LOT17,SRAM,123.7,8.997,9.425,9.598,9.961,4.561,4.657,4.777,5.043,9.781,9.798,9.895,9.914,50.0,50.0,30.0
IC00440,LOT20,CMOS_LOGIC,127.0,9.531,9.913,10.234,10.508,4.86,5.014,5.188,5.32,9.738,9.798,9.954,10.01,50.0,50.0,30.0
IC00851,LOT11,SRAM,119.12,8.437,8.622,8.808,8.997,4.474,4.611,4.672,4.857,9.257,9.332,9.363,9.513,50.0,50.0,30.0
IC01523,LOT03,MICROCONTROLLER,125.8,9.604,9.918,10.26,10.582,5.101,5.185,5.438,5.763,10.193,10.208,10.326,10.433,50.0,50.0,30.0
IC01439,LOT19,CMOS_LOGIC,127.21,9.759,10.101,10.538,10.945,4.588,4.607,4.784,4.934,10.556,10.665,10.777,10.885,50.0,50.0,30.0
IC01943,LOT03,MICROCONTROLLER,122.4,10.285,10.56,10.98,11.342,4.875,4.962,5.08,5.357,10.508,10.544,10.67,10.787,50.0,50.0,30.0
IC01592,LOT12,CMOS_LOGIC,122.08,10.494,10.808,11.095,11.504,5.074,5.124,5.391,5.568,10.62,10.686,10.835,10.895,50.0,50.0,30.0
IC00728,LOT08,MIXED_SIGNAL_IC,127.83,10.303,10.7,11.133,50.779,5.282,5.527,5.972,70.328,11.109,11.303,11.527,43.291,50.0,50.0,30.0
IC01957,LOT17,SRAM,124.39,9.245,9.536,9.622,9.864,4.662,4.79,4.976,5.164,9.547,9.696,9.762,9.832,50.0,50.0,30.0
IC00327,LOT07,MIXED_SIGNAL_IC,125.72,9.249,13.075,18.784,26.819,4.704,6.912,10.181,17.25,9.352,10.327,11.953,14.163,50.0,50.0,30.0
IC00753,LOT13,MICROCONTROLLER,128.69,10.241,10.402,10.739,11.028,5.176,5.349,5.492,5.799,11.22,11.244,11.267,11.391,50.0,50.0,30.0
IC00554,LOT14,SRAM,128.93,9.015,9.212,9.47,9.856,5.166,5.302,5.512,5.763,10.224,10.215,10.281,10.382,50.0,50.0,30.0
IC01007,LOT07,CMOS_LOGIC,123.06,9.896,10.248,10.434,10.823,4.52,4.71,4.877,5.05,9.209,9.262,9.346,9.415,50.0,50.0,30.0
IC00885,LOT05,CMOS_LOGIC,127.43,9.612,10.053,10.178,10.517,4.457,4.592,4.875,5.118,9.884,9.932,10.085,10.12,50.0,50.0,30.0
IC00604,LOT04,SRAM,123.11,9.819,10.13,10.314,10.553,5.115,5.282,5.548,5.75,10.058,10.074,10.178,10.276,50.0,50.0,30.0
IC01887,LOT07,MIXED_SIGNAL_IC,125.01,9.012,9.423,9.631,10.066,4.56,4.722,4.895,5.068,8.938,8.941,9.028,9.146,50.0,50.0,30.0
IC00322,LOT02,MICROCONTROLLER,125.94,10.334,10.374,10.48,10.665,5.164,5.233,5.322,5.605,11.167,11.209,11.304,11.438,50.0,50.0,30.0
IC01974,LOT14,CMOS_LOGIC,123.74,8.736,9.155,9.494,9.835,4.482,4.581,4.795,5.109,9.675,9.701,9.786,9.879,50.0,50.0,30.0
IC01431,LOT11,MIXED_SIGNAL_IC,124.86,9.547,9.822,10.058,10.383,4.717,4.86,5.259,5.663,9.512,9.562,9.637,9.759,50.0,50.0,30.0
IC01949,LOT09,MIXED_SIGNAL_IC,124.61,10.097,10.559,10.751,11.137,5.223,5.446,5.639,5.884,10.944,10.985,11.084,11.205,50.0,50.0,30.0
IC01854,LOT14,MICROCONTROLLER,125.17,8.83,9.275,9.839,10.059,4.819,4.963,5.138,5.447,9.507,9.606,9.751,9.89,50.0,50.0,30.0
IC00676,LOT16,MIXED_SIGNAL_IC,123.06,9.453,9.816,9.992,10.337,4.336,4.476,4.754,4.899,9.628,9.673,9.744,9.852,50.0,50.0,30.0
IC00745,LOT05,SRAM,126.42,9.726,10.052,10.125,10.417,4.65,4.847,5.119,5.332,9.279,9.316,9.337,9.399,50.0,50.0,30.0
IC01553,LOT13,SRAM,128.43,10.818,11.35,11.617,11.94,5.439,5.554,5.821,6.206,10.734,10.759,10.835,10.819,50.0,50.0,30.0
IC00045,LOT05,MIXED_SIGNAL_IC,126.67,9.861,10.108,10.436,10.923,4.399,4.622,4.869,5.068,9.423,9.466,9.533,9.609,50.0,50.0,30.0
IC01820,LOT20,MIXED_SIGNAL_IC,124.86,9.951,10.247,10.303,10.484,4.626,4.789,5.008,5.327,9.401,9.457,9.538,9.67,50.0,50.0,30.0
IC01920,LOT20,MIXED_SIGNAL_IC,122.54,10.32,10.539,10.551,10.823,4.758,4.899,5.081,5.311,9.772,9.808,9.835,10.009,50.0,50.0,30.0
IC00285,LOT05,CMOS_LOGIC,127.07,9.962,12.204,20.089,29.008,4.526,6.018,10.724,15.848,9.601,10.275,12.209,14.908,50.0,50.0,30.0
IC01954,LOT14,MIXED_SIGNAL_IC,124.55,8.8,8.949,9.21,9.389,4.926,5.198,5.44,5.767,8.768,8.817,8.857,8.931,50.0,50.0,30.0
IC01662,LOT02,MICROCONTROLLER,125.87,10.53,10.561,10.782,11.225,5.83,5.975,6.282,6.568,10.71,10.686,10.771,10.886,50.0,50.0,30.0
IC01990,LOT10,CMOS_LOGIC,124.7,10.268,10.719,11.004,11.397,5.364,5.557,5.855,6.001,10.315,10.344,10.425,10.565,50.0,50.0,30.0
IC01688,LOT08,SRAM,126.2,11.166,11.598,11.916,12.066,5.177,5.329,5.515,5.725,10.968,11.023,11.134,11.211,50.0,50.0,30.0
IC00519,LOT19,CMOS_LOGIC,127.76,9.822,10.36,10.597,11.049,4.897,5.118,5.332,5.466,9.836,9.883,9.968,10.132,50.0,50.0,30.0
IC00506,LOT06,MICROCONTROLLER,123.73,9.414,9.922,10.23,10.723,4.64,4.697,4.944,5.183,9.725,9.744,9.747,9.877,50.0,50.0,30.0
IC00932,LOT12,MICROCONTROLLER,124.69,10.94,11.334,11.684,12.096,5.729,5.881,6.084,6.406,10.793,10.801,10.833,10.91,50.0,50.0,30.0
IC01335,LOT15,CMOS_LOGIC,124.66,8.969,9.371,9.663,9.905,5.29,5.386,5.707,6.127,8.771,8.809,8.871,9.028,50.0,50.0,30.0
IC01381,LOT01,MIXED_SIGNAL_IC,125.39,9.503,9.983,10.299,10.517,4.792,4.91,5.285,5.563,9.692,9.725,9.74,9.756,50.0,50.0,30.0
IC00485,LOT05,MICROCONTROLLER,122.02,9.186,9.56,9.581,9.927,4.739,4.915,5.069,5.452,9.556,9.649,9.722,9.792,50.0,50.0,30.0
IC00652,LOT12,MICROCONTROLLER,123.02,10.502,10.816,10.979,11.226,5.45,5.618,5.831,6.178,10.978,11.017,11.059,11.288,50.0,50.0,30.0
IC00765,LOT05,CMOS_LOGIC,129.3,9.572,9.938,10.167,10.229,4.706,4.81,4.953,5.191,10.137,10.211,10.322,10.497,50.0,50.0,30.0
IC01859,LOT19,SRAM,121.78,9.513,9.956,10.872,52.97,4.908,5.103,5.09,72.894,9.445,9.534,9.765,48.144,50.0,50.0,30.0
IC00007,LOT07,MIXED_SIGNAL_IC,122.07,8.824,9.478,9.596,10.006,4.476,4.586,4.75,5.024,8.763,8.755,8.808,8.901,50.0,50.0,30.0
IC01462,LOT02,MICROCONTROLLER,122.94,9.756,10.067,10.341,10.738,5.25,5.448,5.486,5.724,10.37,10.476,10.538,10.695,50.0,50.0,30.0
IC01418,LOT18,MICROCONTROLLER,123.29,9.687,9.892,10.048,10.483,5.035,5.225,5.424,5.663,10.074,10.136,10.232,10.395,50.0,50.0,30.0
IC00106,LOT06,SRAM,126.34,10.219,10.45,10.722,10.922,4.572,4.855,5.034,5.294,9.888,9.911,10.065,10.26,50.0,50.0,30.0
IC01970,LOT10,SRAM,124.76,10.619,10.905,11.245,11.605,4.826,4.938,5.104,5.323,10.463,10.588,10.696,10.89,50.0,50.0,30.0
IC00817,LOT17,SRAM,124.24,9.869,9.869,9.992,10.608,4.594,4.773,5.103,5.328,9.157,9.188,9.337,9.456,50.0,50.0,30.0
IC00191,LOT11,MIXED_SIGNAL_IC,129.9,8.916,9.193,9.438,9.71,4.747,4.866,5.083,5.371,9.391,9.411,9.475,9.564,50.0,50.0,30.0
IC00395,LOT15,CMOS_LOGIC,126.46,9.923,10.081,10.139,10.28,4.907,5.002,5.311,5.641,9.788,9.82,9.912,9.978,50.0,50.0,30.0
IC01627,LOT07,MIXED_SIGNAL_IC,124.34,9.43,11.651,20.422,31.786,4.824,7.009,11.168,18.47,9.134,9.662,12.462,16.595,50.0,50.0,30.0
IC00612,LOT12,CMOS_LOGIC,124.36,10.067,10.312,10.563,10.676,5.467,5.625,5.803,5.983,10.449,10.501,10.513,10.617,50.0,50.0,30.0
IC01835,LOT15,MIXED_SIGNAL_IC,124.3,9.658,10.022,10.317,10.695,4.476,4.604,4.879,5.275,9.598,9.622,9.652,9.748,50.0,50.0,30.0
IC00296,LOT16,MIXED_SIGNAL_IC,122.15,9.129,9.454,9.741,9.909,4.66,4.758,5.084,5.275,9.7,9.816,9.886,9.987,50.0,50.0,30.0
IC01735,LOT15,SRAM,126.9,9.424,12.052,21.009,29.985,4.697,6.906,10.241,17.009,9.727,10.398,13.356,15.421,50.0,50.0,30.0
IC01322,LOT02,MIXED_SIGNAL_IC,127.67,10.905,10.964,11.326,11.61,5.655,5.778,5.874,6.124,11.115,11.166,11.194,11.22,50.0,50.0,30.0
IC01458,LOT18,MICROCONTROLLER,124.66,10.143,10.306,10.329,10.656,4.822,4.974,5.134,5.281,10.115,10.176,10.217,10.31,50.0,50.0,30.0
IC00074,LOT14,MIXED_SIGNAL_IC,121.27,9.016,9.518,9.713,10.143,4.751,4.899,5.087,5.408,9.742,9.818,9.835,10.009,50.0,50.0,30.0
IC00762,LOT02,MICROCONTROLLER,123.06,10.992,11.406,11.45,11.832,5.692,5.842,6.102,6.425,10.729,10.782,10.838,10.977,50.0,50.0,30.0
IC01678,LOT18,SRAM,126.05,10.034,10.525,10.839,10.982,5.114,5.224,5.425,5.757,10.149,10.139,10.238,10.375,50.0,50.0,30.0
IC00809,LOT09,MICROCONTROLLER,126.59,9.913,10.389,10.475,10.771,5.042,5.23,5.569,5.771,10.143,10.148,10.257,10.365,50.0,50.0,30.0
IC00769,LOT09,MICROCONTROLLER,128.94,9.211,9.378,9.627,9.673,5.123,5.276,5.477,5.781,10.139,10.125,10.291,10.478,50.0,50.0,30.0
IC01981,LOT01,SRAM,121.36,9.44,9.76,10.176,10.433,4.516,4.683,4.79,4.968,9.62,9.722,9.858,10.037,50.0,50.0,30.0
IC00238,LOT18,CMOS_LOGIC,123.29,10.009,10.123,10.404,10.837,5.034,5.213,5.413,5.616,9.656,9.662,9.775,9.921,50.0,50.0,30.0
IC00732,LOT12,CMOS_LOGIC,128.37,10.58,10.917,11.117,64.611,5.366,5.459,5.822,62.582,11.185,11.269,11.482,35.527,50.0,50.0,30.0
IC00799,LOT19,SRAM,128.23,9.898,10.416,10.625,10.955,5.007,5.114,5.22,5.517,9.637,9.627,9.716,9.827,50.0,50.0,30.0
IC01342,LOT02,SRAM,124.8,10.168,10.406,11.003,65.823,5.218,5.358,5.616,60.564,10.495,10.583,10.751,40.57,50.0,50.0,30.0
IC00445,LOT05,SRAM,126.95,8.894,8.977,9.181,9.509,4.68,4.998,5.236,5.627,9.07,9.118,9.22,9.313,50.0,50.0,30.0
IC00867,LOT07,MICROCONTROLLER,123.26,9.09,9.355,9.515,9.801,4.528,4.647,4.822,5.002,9.242,9.314,9.443,9.5,50.0,50.0,30.0
IC00951,LOT11,MIXED_SIGNAL_IC,125.81,9.926,10.405,10.558,10.968,4.389,4.594,4.703,5.042,9.399,9.425,9.519,9.671,50.0,50.0,30.0
IC01566,LOT06,SRAM,125.12,9.569,9.95,10.106,10.461,4.649,4.827,4.973,5.295,9.375,9.48,9.641,9.728,50.0,50.0,30.0
IC01535,LOT15,CMOS_LOGIC,127.14,8.723,9.238,9.62,54.051,4.69,5.017,5.446,61.505,9.572,9.733,9.994,39.13,50.0,50.0,30.0
IC00014,LOT14,MIXED_SIGNAL_IC,124.94,9.484,9.877,10.253,10.512,4.945,5.04,5.204,5.511,9.386,9.44,9.545,9.733,50.0,50.0,30.0
IC01036,LOT16,CMOS_LOGIC,124.54,8.833,9.259,9.452,9.784,4.351,4.503,4.66,4.92,9.926,9.958,10.077,10.167,50.0,50.0,30.0
IC01672,LOT12,MICROCONTROLLER,125.4,11.124,13.522,20.55,32.766,5.242,7.034,10.466,16.725,10.448,11.342,13.592,17.034,50.0,50.0,30.0
IC01597,LOT17,CMOS_LOGIC,124.23,9.949,10.29,10.5,10.594,4.807,4.969,5.196,5.543,9.503,9.59,9.648,9.737,50.0,50.0,30.0
IC00794,LOT14,CMOS_LOGIC,125.63,9.832,10.048,10.415,10.526,4.538,4.712,4.937,5.281,9.2,9.257,9.284,9.336,50.0,50.0,30.0
IC00152,LOT12,CMOS_LOGIC,123.9,10.754,10.877,11.147,11.453,5.767,5.927,6.144,6.376,10.24,10.35,10.366,10.424,50.0,50.0,30.0
IC01174,LOT14,MIXED_SIGNAL_IC,125.71,9.499,9.8,10.243,10.514,5.026,5.232,5.467,5.793,9.076,9.093,9.141,9.242,50.0,50.0,30.0
IC00946,LOT06,SRAM,125.68,9.518,11.812,17.386,26.225,4.867,5.935,12.093,19.796,9.144,10.134,12.825,16.804,50.0,50.0,30.0
IC00926,LOT06,MICROCONTROLLER,123.0,9.03,9.343,9.553,9.894,4.878,4.967,5.218,5.465,9.282,9.301,9.402,9.464,50.0,50.0,30.0
IC00280,LOT20,SRAM,129.8,10.111,10.438,10.809,11.007,4.744,4.804,4.998,5.241,9.364,9.436,9.554,9.651,50.0,50.0,30.0
IC01297,LOT17,MICROCONTROLLER,127.86,9.767,9.977,10.605,58.06,4.873,5.158,5.468,53.05,10.134,10.219,10.484,36.99,50.0,50.0,30.0
IC00261,LOT01,MIXED_SIGNAL_IC,123.54,9.822,10.012,10.178,10.584,4.686,4.81,5.072,5.335,10.738,10.772,10.822,10.882,50.0,50.0,30.0
IC01262,LOT02,CMOS_LOGIC,125.52,11.203,11.479,11.766,12.131,5.567,5.663,5.82,5.938,10.424,10.516,10.582,10.706,50.0,50.0,30.0
IC01557,LOT17,CMOS_LOGIC,124.24,9.36,9.696,9.92,10.212,5.015,5.183,5.349,5.678,9.877,9.875,9.924,9.978,50.0,50.0,30.0
IC00984,LOT04,MICROCONTROLLER,122.26,9.759,9.969,10.181,10.475,5.067,5.176,5.452,5.513,10.858,10.887,10.999,11.085,50.0,50.0,30.0
IC00886,LOT06,MIXED_SIGNAL_IC,126.55,9.414,9.676,9.853,10.067,4.464,4.619,4.802,5.03,9.796,9.9,10.041,10.061,50.0,50.0,30.0
IC01834,LOT14,MIXED_SIGNAL_IC,126.89,9.407,9.767,9.948,10.351,4.656,4.777,4.938,5.376,9.526,9.526,9.638,9.647,50.0,50.0,30.0
IC00443,LOT03,MIXED_SIGNAL_IC,125.26,11.353,11.802,11.878,12.119,5.285,5.397,5.625,5.946,10.344,10.413,10.512,10.594,50.0,50.0,30.0
IC00898,LOT18,SRAM,126.72,9.56,10.036,10.19,10.492,4.846,5.042,5.297,5.582,11.159,11.26,11.335,11.416,50.0,50.0,30.0
IC01481,LOT01,CMOS_LOGIC,124.15,10.068,10.371,10.772,10.995,4.637,4.708,4.793,5.02,9.874,9.907,9.975,10.06,50.0,50.0,30.0
IC01745,LOT05,MIXED_SIGNAL_IC,121.48,9.656,9.876,10.015,10.346,4.618,4.728,5.022,5.206,9.153,9.151,9.23,9.228,50.0,50.0,30.0
IC00363,LOT03,MICROCONTROLLER,124.21,9.933,10.39,10.578,10.717,5.245,5.393,5.531,5.849,10.155,10.173,10.252,10.43,50.0,50.0,30.0
IC01996,LOT16,SRAM,122.12,9.438,9.629,9.853,10.206,5.059,5.181,5.32,5.498,9.218,9.276,9.379,9.511,50.0,50.0,30.0
IC01279,LOT19,CMOS_LOGIC,125.41,9.721,9.997,10.11,10.376,5.305,5.483,5.663,5.915,9.723,9.727,9.784,9.991,50.0,50.0,30.0
IC01105,LOT05,MICROCONTROLLER,127.24,8.553,8.688,8.892,9.286,4.45,4.562,4.74,4.966,9.081,9.167,9.283,9.391,50.0,50.0,30.0
IC00461,LOT01,SRAM,126.47,10.661,11.145,11.541,11.766,5.372,5.479,5.725,5.996,9.833,9.867,9.976,10.003,50.0,50.0,30.0
IC01437,LOT17,MIXED_SIGNAL_IC,121.47,10.164,10.54,10.744,10.857,4.749,4.859,4.985,5.137,9.103,9.064,9.148,9.2,50.0,50.0,30.0
IC01318,LOT18,SRAM,128.25,10.161,10.414,10.565,10.887,5.533,5.65,5.867,6.205,9.871,9.82,9.92,9.997,50.0,50.0,30.0
IC00862,LOT02,SRAM,121.14,11.214,11.556,12.05,12.441,5.389,5.497,5.696,5.956,10.466,10.543,10.632,10.827,50.0,50.0,30.0
IC00328,LOT08,SRAM,123.87,10.255,10.485,10.645,10.919,5.19,5.27,5.597,5.802,10.837,10.92,11.008,11.059,50.0,50.0,30.0
IC00743,LOT03,SRAM,126.16,10.664,11.076,11.512,11.647,5.41,5.593,5.797,6.006,10.172,10.179,10.301,10.411,50.0,50.0,30.0
IC01959,LOT19,MIXED_SIGNAL_IC,127.93,11.226,11.778,12.021,12.746,5.158,5.408,5.606,5.897,10.008,10.063,10.173,10.244,50.0,50.0,30.0
IC00239,LOT19,CMOS_LOGIC,121.91,9.284,9.796,10.388,60.594,4.918,5.104,5.436,74.379,10.114,10.223,10.382,49.498,50.0,50.0,30.0
IC01360,LOT20,CMOS_LOGIC,123.72,8.613,8.655,8.937,9.141,4.844,5.117,5.303,5.496,9.844,9.928,10.028,10.172,50.0,50.0,30.0
IC00750,LOT10,CMOS_LOGIC,125.37,9.664,10.057,10.316,10.619,5.573,5.769,5.941,6.041,10.832,10.901,10.936,10.988,50.0,50.0,30.0
IC01042,LOT02,MIXED_SIGNAL_IC,125.78,10.371,10.827,11.151,11.67,5.21,5.494,5.682,5.867,11.332,11.308,11.478,11.556,50.0,50.0,30.0
IC00110,LOT10,MIXED_SIGNAL_IC,125.29,10.51,10.741,11.034,11.348,4.889,4.98,5.118,5.396,10.488,10.529,10.576,10.63,50.0,50.0,30.0
IC01288,LOT08,CMOS_LOGIC,125.12,10.92,11.188,11.231,11.413,5.139,5.263,5.559,5.881,10.869,10.984,11.13,11.203,50.0,50.0,30.0
IC01630,LOT10,SRAM,124.75,10.551,10.801,11.08,11.325,5.546,5.759,6.034,6.265,10.041,10.117,10.279,10.431,50.0,50.0,30.0
IC01995,LOT15,MIXED_SIGNAL_IC,125.34,9.825,10.168,10.054,10.197,4.48,4.672,4.939,5.158,10.078,10.134,10.243,10.409,50.0,50.0,30.0
IC00107,LOT07,SRAM,130.02,9.335,9.763,10.115,10.425,4.505,4.733,4.87,5.096,9.608,9.623,9.734,9.805,50.0,50.0,30.0
IC00044,LOT04,CMOS_LOGIC,124.46,9.689,10.105,10.472,10.938,4.96,5.17,5.256,5.528,9.94,9.948,10.007,10.116,50.0,50.0,30.0
IC01001,LOT01,MIXED_SIGNAL_IC,124.92,10.467,11.174,11.457,54.62,4.785,5.093,5.417,56.427,9.7,9.709,9.982,42.947,50.0,50.0,30.0
IC01808,LOT08,CMOS_LOGIC,125.53,11.064,11.442,11.773,11.992,5.079,5.266,5.4,5.688,10.419,10.468,10.493,10.571,50.0,50.0,30.0
IC00305,LOT05,SRAM,125.94,9.332,9.621,9.738,10.229,4.867,4.993,5.151,5.532,9.744,9.818,9.909,9.96,50.0,50.0,30.0
IC01373,LOT13,MICROCONTROLLER,125.6,11.234,11.491,11.768,12.074,5.397,5.626,5.89,6.188,10.667,10.69,10.779,10.848,50.0,50.0,30.0
IC00420,LOT20,MICROCONTROLLER,123.69,9.313,9.45,9.847,10.206,4.888,5.144,5.399,5.548,9.314,9.367,9.407,9.424,50.0,50.0,30.0
IC00145,LOT05,SRAM,122.99,9.444,11.761,20.289,32.408,4.524,6.606,10.557,17.569,9.884,10.456,11.997,15.954,50.0,50.0,30.0
IC01587,LOT07,SRAM,123.54,8.679,12.44,20.98,31.619,5.292,6.462,10.409,17.694,9.095,10.12,12.601,16.208,50.0,50.0,30.0
IC01233,LOT13,MICROCONTROLLER,123.02,10.425,10.796,11.043,11.156,5.451,5.513,5.822,5.979,10.363,10.388,10.505,10.545,50.0,50.0,30.0
IC00396,LOT16,CMOS_LOGIC,126.51,9.287,9.541,9.856,10.129,4.78,4.891,5.114,5.494,9.086,9.155,9.287,9.358,50.0,50.0,30.0
IC00022,LOT02,SRAM,124.92,10.892,11.298,11.614,11.829,5.515,5.557,5.672,5.868,10.481,10.578,10.72,10.798,50.0,50.0,30.0
IC01888,LOT08,MICROCONTROLLER,123.32,10.615,11.11,11.485,11.961,5.507,5.66,5.772,6.059,10.29,10.272,10.339,10.448,50.0,50.0,30.0
IC00466,LOT06,SRAM,122.46,10.106,12.277,18.011,29.803,4.973,6.006,11.866,16.935,9.515,10.475,12.332,15.86,50.0,50.0,30.0
IC00834,LOT14,CMOS_LOGIC,126.27,10.182,10.407,10.422,10.536,4.814,4.924,5.162,5.319,10.17,10.193,10.223,10.29,50.0,50.0,30.0
IC01611,LOT11,SRAM,128.13,9.229,9.684,10.086,10.468,5.225,5.343,5.62,5.906,9.468,9.466,9.587,9.606,50.0,50.0,30.0
IC00486,LOT06,CMOS_LOGIC,123.1,10.142,10.176,10.286,10.454,4.681,4.881,5.142,5.418,9.389,9.472,9.545,9.705,50.0,50.0,30.0
IC01608,LOT08,MICROCONTROLLER,126.61,10.381,10.729,10.946,11.282,5.215,5.441,5.79,6.001,10.61,10.746,10.806,10.95,50.0,50.0,30.0
IC00685,LOT05,SRAM,127.14,9.236,9.516,9.873,10.305,4.92,5.116,5.306,5.503,9.131,9.138,9.278,9.383,50.0,50.0,30.0
IC01596,LOT16,MIXED_SIGNAL_IC,124.1,9.675,9.989,10.303,10.655,4.629,4.786,5.001,5.453,9.332,9.353,9.431,9.442,50.0,50.0,30.0
IC00516,LOT16,MIXED_SIGNAL_IC,126.64,9.01,9.264,9.359,9.611,5.054,5.205,5.444,5.647,10.348,10.46,10.495,10.508,50.0,50.0,30.0
IC01732,LOT12,SRAM,124.78,10.583,10.898,11.173,11.47,5.45,5.621,5.81,6.11,11.792,11.811,11.862,11.897,50.0,50.0,30.0
IC01956,LOT16,MICROCONTROLLER,129.28,9.73,9.958,10.301,10.514,4.761,4.929,5.027,5.36,9.981,10.013,10.038,10.09,50.0,50.0,30.0
IC01509,LOT09,CMOS_LOGIC,123.82,9.869,10.218,10.642,10.693,5.516,5.68,5.81,5.982,9.989,10.009,10.073,10.127,50.0,50.0,30.0
IC00565,LOT05,CMOS_LOGIC,122.9,8.839,8.857,9.031,9.52,4.838,4.901,5.116,5.285,9.527,9.548,9.705,9.811,50.0,50.0,30.0
IC00746,LOT06,MIXED_SIGNAL_IC,123.82,9.543,9.901,10.175,10.568,4.682,4.769,4.945,5.177,9.213,9.281,9.33,9.475,50.0,50.0,30.0
IC01503,LOT03,MICROCONTROLLER,128.21,11.181,11.395,11.553,11.894,5.35,5.559,5.673,5.891,10.902,10.904,11.001,11.2,50.0,50.0,30.0
IC00931,LOT11,MICROCONTROLLER,128.06,8.774,8.936,9.329,9.64,4.233,4.262,4.484,4.653,9.094,9.147,9.243,9.305,50.0,50.0,30.0
IC00262,LOT02,SRAM,126.98,10.507,14.011,22.258,34.987,5.725,7.195,13.199,18.858,10.33,11.324,13.859,17.554,50.0,50.0,30.0
IC01421,LOT01,MIXED_SIGNAL_IC,121.75,9.802,10.149,10.344,10.717,4.733,4.901,5.053,5.229,9.335,9.329,9.451,9.578,50.0,50.0,30.0
IC01963,LOT03,MICROCONTROLLER,126.79,11.118,11.404,11.739,11.994,4.751,4.831,4.942,5.275,9.796,9.889,9.994,10.092,50.0,50.0,30.0
IC00373,LOT13,MIXED_SIGNAL_IC,128.46,10.62,13.044,20.125,30.498,5.581,6.969,12.834,22.332,10.925,11.973,13.524,15.741,50.0,50.0,30.0
IC01986,LOT06,CMOS_LOGIC,122.15,9.814,10.188,10.387,10.7,4.734,4.937,5.207,5.53,9.004,9.056,9.097,9.181,50.0,50.0,30.0
IC00146,LOT06,SRAM,126.91,9.079,9.3,9.514,9.652,4.957,5.058,5.225,5.545,9.233,9.293,9.381,9.524,50.0,50.0,30.0
IC01991,LOT11,SRAM,123.52,9.428,9.843,10.115,10.326,4.504,4.714,4.937,5.319,8.541,8.574,8.709,8.821,50.0,50.0,30.0
IC00893,LOT13,SRAM,124.76,11.025,11.535,11.692,12.146,5.128,5.19,5.405,5.675,10.872,10.863,10.91,10.964,50.0,50.0,30.0
IC01760,LOT20,MICROCONTROLLER,123.65,9.391,9.636,9.759,10.208,5.08,5.294,5.534,5.937,8.813,8.863,8.968,8.988,50.0,50.0,30.0
IC01586,LOT06,CMOS_LOGIC,125.43,10.053,10.644,10.793,11.116,4.626,4.791,4.99,5.243,9.565,9.58,9.674,9.683,50.0,50.0,30.0
IC01283,LOT03,MIXED_SIGNAL_IC,123.05,10.109,10.392,10.757,11.007,5.187,5.342,5.719,5.873,10.52,10.553,10.56,10.672,50.0,50.0,30.0
IC00442,LOT02,MICROCONTROLLER,122.04,10.415,10.565,10.631,11.12,5.335,5.448,5.728,5.965,10.917,10.961,11.058,11.114,50.0,50.0,30.0
IC01964,LOT04,MIXED_SIGNAL_IC,123.14,10.037,10.46,10.894,11.293,5.606,5.725,5.885,6.37,9.889,10.018,10.11,10.193,50.0,50.0,30.0
IC00742,LOT02,SRAM,128.03,11.23,11.812,12.176,12.365,5.379,5.535,5.711,5.951,10.795,10.796,10.86,11.05,50.0,50.0,30.0
IC01945,LOT05,CMOS_LOGIC,122.02,9.368,9.74,10.203,10.341,4.565,4.703,4.842,4.985,9.216,9.245,9.283,9.394,50.0,50.0,30.0
IC00875,LOT15,CMOS_LOGIC,123.9,9.793,9.975,10.061,10.359,4.878,5.037,5.286,5.524,9.237,9.28,9.349,9.456,50.0,50.0,30.0
IC00772,LOT12,MICROCONTROLLER,124.8,10.847,10.733,10.973,11.291,5.64,5.732,5.905,6.262,11.073,11.139,11.199,11.29,50.0,50.0,30.0
IC01966,LOT06,CMOS_LOGIC,124.09,8.829,9.098,9.283,9.788,4.879,5.017,5.212,5.598,9.888,9.924,9.977,10.118,50.0,50.0,30.0
IC01079,LOT19,MICROCONTROLLER,124.02,9.244,9.497,9.832,10.066,5.041,5.22,5.43,5.595,9.596,9.681,9.799,9.948,50.0,50.0,30.0
IC01285,LOT05,SRAM,122.58,9.417,9.629,9.844,10.081,4.71,4.796,4.962,5.249,9.126,9.178,9.218,9.275,50.0,50.0,30.0
IC00855,LOT15,CMOS_LOGIC,123.38,9.494,9.598,9.842,10.112,4.939,5.054,5.222,5.487,9.816,9.814,9.921,10.002,50.0,50.0,30.0
IC01802,LOT02,SRAM,123.84,10.173,10.666,10.994,11.423,5.094,5.297,5.483,5.864,10.251,10.274,10.434,10.54,50.0,50.0,30.0
IC00634,LOT14,CMOS_LOGIC,124.16,8.84,9.122,9.292,9.617,4.358,4.516,4.604,4.709,8.842,8.903,8.989,9.067,50.0,50.0,30.0
IC00331,LOT11,MIXED_SIGNAL_IC,126.27,8.962,9.166,9.178,9.494,4.372,4.479,4.784,5.083,9.143,9.195,9.256,9.362,50.0,50.0,30.0
IC00727,LOT07,SRAM,125.06,9.516,9.686,9.81,10.244,4.702,4.852,5.041,5.268,9.544,9.6,9.67,9.669,50.0,50.0,30.0
IC00827,LOT07,MICROCONTROLLER,125.97,9.828,10.35,10.793,10.919,4.512,4.585,4.711,5.088,9.206,9.232,9.253,9.414,50.0,50.0,30.0
IC01518,LOT18,MIXED_SIGNAL_IC,124.82,10.157,12.359,20.742,31.975,5.051,6.095,11.596,20.907,9.885,10.847,12.102,16.247,50.0,50.0,30.0
IC00297,LOT17,MIXED_SIGNAL_IC,125.58,9.552,9.991,10.246,10.286,4.655,4.774,5.099,5.373,10.079,10.157,10.233,10.322,50.0,50.0,30.0
IC00534,LOT14,CMOS_LOGIC,122.96,9.012,9.238,9.326,9.553,4.516,4.664,4.781,4.939,9.713,9.848,9.893,9.977,50.0,50.0,30.0
IC01690,LOT10,SRAM,124.69,11.064,11.258,11.48,11.578,5.506,5.623,5.854,6.075,10.293,10.319,10.397,10.484,50.0,50.0,30.0
IC01225,LOT05,SRAM,129.68,9.025,9.264,9.425,9.867,4.98,5.195,5.426,5.635,9.846,9.94,9.986,10.157,50.0,50.0,30.0
IC00785,LOT05,CMOS_LOGIC,126.61,9.014,9.448,9.654,10.054,4.898,4.96,5.218,5.577,9.151,9.149,9.225,9.342,50.0,50.0,30.0
IC01520,LOT20,SRAM,124.46,9.397,9.66,9.888,10.27,4.595,4.841,5.003,5.173,10.475,10.475,10.619,10.667,50.0,50.0,30.0
IC00661,LOT01,SRAM,124.07,9.39,9.708,9.913,10.241,5.118,5.368,5.541,5.748,9.702,9.719,9.797,9.893,50.0,50.0,30.0
IC00800,LOT20,SRAM,122.76,9.798,10.082,10.41,10.664,5.056,5.151,5.332,5.576,9.95,9.933,10.048,10.009,50.0,50.0,30.0
IC01753,LOT13,CMOS_LOGIC,126.68,10.815,11.316,11.518,11.913,5.709,5.802,5.927,6.175,10.326,10.438,10.568,10.675,50.0,50.0,30.0
IC01459,LOT19,MIXED_SIGNAL_IC,128.53,10.251,10.67,10.991,11.396,5.262,5.346,5.538,5.94,9.94,9.935,10.087,10.274,50.0,50.0,30.0
IC01731,LOT11,MIXED_SIGNAL_IC,126.38,9.193,11.789,18.964,26.989,4.718,7.216,12.88,19.089,9.174,10.152,11.88,14.104,50.0,50.0,30.0
IC00389,LOT09,SRAM,129.24,10.228,10.515,10.961,11.278,5.492,5.727,6.067,6.301,10.303,10.367,10.486,10.625,50.0,50.0,30.0
IC00548,LOT08,SRAM,127.87,9.826,12.484,19.518,27.637,5.357,6.827,12.696,20.466,10.419,11.235,12.949,15.694,50.0,50.0,30.0
IC00591,LOT11,MICROCONTROLLER,123.03,9.422,9.603,9.771,10.018,4.497,4.576,4.796,4.948,8.774,8.729,8.886,8.996,50.0,50.0,30.0
IC01885,LOT05,SRAM,123.11,9.638,9.934,10.232,10.753,4.784,4.961,5.162,5.38,9.151,9.177,9.242,9.344,50.0,50.0,30.0
IC01819,LOT19,MICROCONTROLLER,125.92,9.032,9.358,9.611,9.836,5.037,5.233,5.427,5.58,10.221,10.323,10.429,10.612,50.0,50.0,30.0
IC00310,LOT10,MICROCONTROLLER,123.95,10.724,10.809,11.171,11.602,4.993,5.208,5.521,5.804,10.122,10.234,10.306,10.318,50.0,50.0,30.0
IC01759,LOT19,MIXED_SIGNAL_IC,126.37,9.198,9.72,10.038,10.434,4.827,4.912,5.106,5.338,10.067,10.13,10.234,10.381,50.0,50.0,30.0
IC00582,LOT02,SRAM,126.33,10.683,10.862,11.152,11.424,5.15,5.3,5.58,5.736,10.718,10.785,10.864,10.947,50.0,50.0,30.0
IC00575,LOT15,MICROCONTROLLER,124.35,9.978,10.131,10.125,10.412,4.744,4.958,4.977,5.16,9.426,9.481,9.606,9.691,50.0,50.0,30.0
IC01219,LOT19,MICROCONTROLLER,122.92,9.959,10.383,10.443,10.685,4.766,4.88,5.173,5.395,9.637,9.65,9.739,9.794,50.0,50.0,30.0
IC01709,LOT09,MICROCONTROLLER,124.53,10.463,10.891,11.188,59.705,4.91,4.99,5.145,66.766,9.607,9.709,9.845,42.994,50.0,50.0,30.0
IC00195,LOT15,SRAM,125.43,9.922,10.171,10.451,10.947,4.6,4.795,5.01,5.319,9.58,9.662,9.699,9.801,50.0,50.0,30.0
IC01703,LOT03,MICROCONTROLLER,124.97,9.863,10.169,10.333,10.606,5.14,5.29,5.67,5.738,10.263,10.328,10.411,10.512,50.0,50.0,30.0
IC00449,LOT09,CMOS_LOGIC,122.89,10.964,11.308,11.563,53.428,5.249,5.553,5.876,69.618,9.915,9.99,10.254,43.797,50.0,50.0,30.0
IC01815,LOT15,MICROCONTROLLER,127.27,9.302,9.74,9.978,10.487,4.738,4.778,4.91,5.156,9.066,9.206,9.289,9.351,50.0,50.0,30.0
IC01771,LOT11,SRAM,127.22,9.163,12.047,20.079,30.626,4.63,6.079,9.79,16.895,9.825,10.35,12.311,14.483,50.0,50.0,30.0
IC01607,LOT07,MIXED_SIGNAL_IC,130.87,10.238,10.501,10.683,11.06,4.981,5.211,5.402,5.597,9.802,9.811,9.824,9.902,50.0,50.0,30.0
IC00499,LOT19,CMOS_LOGIC,123.68,9.894,10.306,10.478,10.704,4.614,4.835,5.072,5.179,10.211,10.254,10.324,10.437,50.0,50.0,30.0
IC00724,LOT04,SRAM,122.9,9.857,10.232,10.51,10.659,4.61,4.735,4.984,5.198,9.825,9.819,9.989,10.081,50.0,50.0,30.0
IC01221,LOT01,MICROCONTROLLER,124.35,10.548,10.96,11.127,11.383,4.93,4.989,5.258,5.386,9.787,9.858,10.006,10.202,50.0,50.0,30.0
IC01765,LOT05,MIXED_SIGNAL_IC,124.89,9.543,9.908,10.048,10.417,4.863,5.057,5.302,5.533,9.784,9.828,9.948,10.048,50.0,50.0,30.0
IC01824,LOT04,CMOS_LOGIC,124.01,10.479,10.715,10.871,11.26,5.502,5.558,5.707,5.875,10.577,10.623,10.685,10.746,50.0,50.0,30.0
IC01069,LOT09,MICROCONTROLLER,122.74,9.708,9.905,10.15,10.521,4.744,4.951,5.171,5.45,10.304,10.393,10.49,10.642,50.0,50.0,30.0
IC00638,LOT18,MICROCONTROLLER,122.86,9.516,9.71,9.862,10.135,5.117,5.284,5.474,5.758,10.192,10.313,10.373,10.387,50.0,50.0,30.0
IC00237,LOT17,SRAM,127.17,10.07,10.495,10.919,11.214,5.153,5.259,5.408,5.757,9.513,9.67,9.711,9.758,50.0,50.0,30.0
IC01306,LOT06,MIXED_SIGNAL_IC,127.94,8.994,9.278,9.504,9.738,4.343,4.488,4.6,4.878,9.259,9.216,9.295,9.365,50.0,50.0,30.0
IC01084,LOT04,CMOS_LOGIC,124.2,10.717,11.131,11.336,11.605,4.768,4.859,5.113,5.461,10.082,10.131,10.274,10.347,50.0,50.0,30.0
IC01392,LOT12,SRAM,130.86,11.918,12.241,12.669,65.13,5.146,5.418,5.875,51.021,11.368,11.502,11.804,49.458,50.0,50.0,30.0
IC00113,LOT13,MICROCONTROLLER,125.94,11.482,12.098,12.64,60.977,5.156,5.249,5.604,71.173,10.055,10.1,10.283,44.963,50.0,50.0,30.0
IC01445,LOT05,SRAM,122.91,9.208,9.375,9.797,10.108,4.787,4.937,5.175,5.426,9.38,9.489,9.609,9.681,50.0,50.0,30.0
IC00115,LOT15,MIXED_SIGNAL_IC,128.25,9.193,9.538,10.008,10.55,4.918,5.051,5.203,5.392,10.147,10.136,10.195,10.356,50.0,50.0,30.0
IC01020,LOT20,MICROCONTROLLER,120.93,9.139,9.364,9.57,9.842,4.757,4.956,5.146,5.462,9.518,9.591,9.694,9.863,50.0,50.0,30.0
IC01570,LOT10,CMOS_LOGIC,122.77,10.105,10.46,10.746,11.039,5.028,5.154,5.256,5.558,10.543,10.585,10.655,10.665,50.0,50.0,30.0
IC00093,LOT13,MIXED_SIGNAL_IC,124.42,10.566,10.84,10.967,11.303,5.44,5.607,5.799,6.09,9.783,9.873,9.951,9.998,50.0,50.0,30.0
IC01099,LOT19,MIXED_SIGNAL_IC,127.69,10.404,10.948,10.985,11.222,4.762,4.903,5.078,5.288,9.936,10.053,10.111,10.231,50.0,50.0,30.0
IC01019,LOT19,MIXED_SIGNAL_IC,124.44,10.347,10.333,10.617,59.849,4.848,4.957,5.321,63.408,9.664,9.718,9.924,46.258,50.0,50.0,30.0
IC01361,LOT01,CMOS_LOGIC,128.82,10.311,10.559,10.97,11.388,5.127,5.207,5.408,5.691,9.598,9.688,9.773,9.897,50.0,50.0,30.0
IC01654,LOT14,SRAM,125.34,9.341,9.631,9.814,10.144,4.908,5.033,5.214,5.5,8.99,9.022,9.107,9.131,50.0,50.0,30.0
IC00674,LOT14,MICROCONTROLLER,125.74,8.832,9.167,9.451,9.786,4.81,4.967,5.227,5.479,9.484,9.495,9.551,9.552,50.0,50.0,30.0
IC00342,LOT02,MIXED_SIGNAL_IC,124.68,10.659,11.009,11.251,11.725,4.794,4.9,5.078,5.257,10.143,10.172,10.177,10.257,50.0,50.0,30.0
IC00539,LOT19,SRAM,124.87,9.137,9.452,9.517,69.579,4.813,4.976,5.17,68.236,10.167,10.231,10.373,35.314,50.0,50.0,30.0
IC01695,LOT15,CMOS_LOGIC,122.35,9.852,10.365,10.661,10.971,4.681,4.859,4.977,5.246,10.108,10.072,10.05,10.132,50.0,50.0,30.0
IC01676,LOT16,MIXED_SIGNAL_IC,126.46,9.514,9.88,10.245,10.73,5.274,5.355,5.527,5.735,9.883,9.956,10.043,10.18,50.0,50.0,30.0
IC01977,LOT17,MICROCONTROLLER,123.07,9.551,9.746,9.985,10.193,4.626,4.743,4.997,5.301,9.911,9.947,10.072,10.201,50.0,50.0,30.0
IC00281,LOT01,MIXED_SIGNAL_IC,129.53,10.283,10.508,10.746,11.042,5.023,5.167,5.292,5.415,10.706,10.773,10.828,11.023,50.0,50.0,30.0
IC00391,LOT11,MIXED_SIGNAL_IC,125.59,9.14,11.904,18.031,29.641,5.093,7.386,12.676,20.233,9.461,10.073,11.369,14.483,50.0,50.0,30.0
IC01237,LOT17,CMOS_LOGIC,123.75,9.878,10.26,10.578,10.878,4.932,5.098,5.078,5.317,9.614,9.662,9.818,9.877,50.0,50.0,30.0
IC00826,LOT06,MICROCONTROLLER,122.53,9.141,9.57,9.845,10.112,5.012,5.134,5.263,5.6,9.379,9.412,9.513,9.587,50.0,50.0,30.0
IC00882,LOT02,MIXED_SIGNAL_IC,123.0,10.929,11.198,11.518,11.907,5.517,5.707,5.928,6.162,10.007,10.079,10.121,10.179,50.0,50.0,30.0
IC00802,LOT02,MIXED_SIGNAL_IC,124.66,11.445,15.437,20.826,33.104,5.248,6.968,12.863,21.948,10.537,11.679,13.415,17.789,50.0,50.0,30.0
IC01818,LOT18,MICROCONTROLLER,124.09,9.503,9.84,10.223,10.627,4.82,4.976,5.197,5.474,10.066,10.057,10.131,10.244,50.0,50.0,30.0
IC01658,LOT18,MIXED_SIGNAL_IC,123.29,10.06,10.247,10.377,10.492,5.124,5.153,5.243,5.586,10.041,10.119,10.221,10.31,50.0,50.0,30.0
IC01006,LOT06,MICROCONTROLLER,123.24,9.35,9.921,9.976,68.852,5.118,5.277,5.493,53.801,9.537,9.625,9.786,42.713,50.0,50.0,30.0
IC01840,LOT20,CMOS_LOGIC,125.41,10.403,10.569,11.0,11.354,5.204,5.394,5.625,5.754,9.937,9.939,9.999,10.131,50.0,50.0,30.0
IC00150,LOT10,CMOS_LOGIC,128.93,10.08,13.751,18.81,28.706,4.877,6.383,9.451,15.073,9.855,10.644,12.731,15.742,50.0,50.0,30.0
IC00744,LOT04,CMOS_LOGIC,127.4,10.262,10.765,11.254,11.295,4.967,5.123,5.528,5.816,10.183,10.234,10.367,10.478,50.0,50.0,30.0
IC01537,LOT17,CMOS_LOGIC,127.44,10.531,10.827,11.185,57.321,5.278,5.388,5.579,65.13,10.198,10.29,10.466,38.825,50.0,50.0,30.0
IC00645,LOT05,MIXED_SIGNAL_IC,127.01,9.468,9.838,10.8,67.799,5.048,5.21,5.591,69.787,9.436,9.505,9.726,45.246,50.0,50.0,30.0
IC01040,LOT20,MICROCONTROLLER,127.35,9.548,9.861,9.916,10.19,4.812,5.032,5.294,5.532,9.47,9.586,9.743,9.876,50.0,50.0,30.0
IC00866,LOT06,CMOS_LOGIC,125.43,8.65,9.118,9.488,9.969,4.489,4.652,4.837,5.155,9.511,9.525,9.566,9.609,50.0,50.0,30.0
